Ubicación,Nombre,Disponibilidad,precio de Venta,Precio de Alquiler,Recamaras,Baños,Dimensión,Tipo de vivienda,vivienda nueva / de segunda
"Ave Balboa, Bella Vista",RIVAGE,ALQUILER,"$2,000.00",,2,2,177,APARTAMENTOS,
"Ave Balboa, Bella Vista",WATERS ON THE BAY,ALQUILER,"$1,700.00",,2,2,123,APARTAMENTOS,
"Ave Balboa, Bella Vista",YOO,ALQUILER,"$2,300.00",,2,2,181,APARTAMENTOS,
"Ave balboa,calidonia",WHITE,VENTA,"$250,000.00",,2,2,119,APARTAMENTOS,DE SEGUNDA
"Balboa,Ancon",YACHT CLUB,ALQUILER,"$2,600.00",,3,3,179,APARTAMENTOS,
"Ave Balboa, Calidonia",H2O,VENTA,"$589,000.00",,3,3,405,APARTAMENTOS,NUEVO
"Ave Balboa, Bella Vista",YOO,ALQUILER,"$1,400.00",,1,1,94,APARTAMENTOS,
"Avenida balboa,calidonia",WHITE,VENTA,"$338,000.00",,3,3,169,APARTAMENTOS,DE SEGUNDA
"Ave Balboa, Bella Vista",YOO,ALQUILER,"$1,600.00",,1,1,94,APARTAMENTOS,
"Ave Balboa, Bella Vista",YOO,ALQUILER,"$2,300.00",,2,2,167,APARTAMENTOS,
"Ave Balboa, Bella Vista",RIVAGE,VENTA,"$390,000.00",,2,2,177,APARTAMENTOS,DE SEGUNDA
"Ave Balboa, Bella Vista",WATERS ON THE BAY,VENTALQUILER,"$370,000.00",,2,2,122,APARTAMENTOS,DE SEGUNDA
Ave Balboa Calionia,PRINCESA DEL MAR,RENTANDO,"$650,000.00",,3,3,330,APARTAMENTOS,
"Ave Balboa, Calidonia",BAYFRONT,VENTA,"$215,000.00",,1,1,100,APARTAMENTOS,DE SEGUNDA
"Ave Balboa, Calidonia",LA ENSENADA,VENTALQUILER,"$360,000.00",,3,3,194,APARTAMENTOS,DE SEGUNDA
"Ave Balboa, Bella Vista",RIVAGE,VENTALQUILER,"$550,000.00",,2,2,169,APARTAMENTOS,DE SEGUNDA
"Ave Balboa, Bella Vista",MIRAMAR TORRE 2,VENTA,"$1,500,000.00",,3,3,750,APARTAMENTOS,NUEVO
"Ave Balboa, Calidonia",MIRAMAR PLAZA,VENTA,"$1,500,000.00",,3,4,600,APARTAMENTOS,NUEVO
"Ave Balboa, Bella Vista",RIVAGE,VENTA,"$950,000.00",,3,3,347,APARTAMENTOS,NUEVO
"Ave Balboa, Bella Vista",ARTS & YOO,VENTA,"$1,080,000.00",,3,3,316,APARTAMENTOS,NUEVO
"Ave Balboa, Calidonia",SKY,ALQUILER,"$1,650.00",,2,2,129,APARTAMENTOS,
"Ave Balboa, Bella Vista",MIRAMAR TORRE 2,ALQUILER,"$3,500.00",,3,3,375,APARTAMENTOS,
"Ave Balboa, Bella Vista",YOO,ALQUILER,"$2,300.00",,1,1,125,APARTAMENTOS,
Ave Balboa Calidonia,ELEMENT,RENTANDO,"$270,000.00",,2,2,105,APARTAMENTOS,
"Ave Balboa, Bella Vista",MIRAMAR TORRE 2,VENTA,"$800,000.00",,3,3,375,APARTAMENTOS,NUEVO
"Ave Balboa, Bella Vista",YOO,ALQUILER,"$2,100.00",,1,2,133,APARTAMENTOS,
"Ave Balboa, Bella Vista",MIRAMAR TORRE 2,VENTA,"$900,000.00",,3,3,375,APARTAMENTOS,NUEVO
"Ave Balboa, Bella Vista",WATERS ON THE BAY,VENTALQUILER,"$390,000.00",,2,2,,APARTAMENTOS,DE SEGUNDA
"Ave Balboa, Bella Vista",RIVAGE,RENTANDO,"$360,000.00",,1,1,150,APARTAMENTOS,
"Avenida balboa,calidonia",WHITE,RENTANDO,"$330,000.00",,2,2,137,APARTAMENTOS,
"Ave Balboa, Bella Vista",YOO,VENTALQUILER,"$650,000.00",,2,2,180,APARTAMENTOS,NUEVO
"Ave Balboa, Calionia",BAYFRONT TOWER,VENTA,"$220,000.00",,1,1,87,APARTAMENTOS,DE SEGUNDA
"Ave Balboa, Bella Vista",YOO,VENTA,"$295,000.00",,1,1,94,APARTAMENTOS,DE SEGUNDA
"Ave Balboa, Bella Vista",VISTA DEL MAR,RENTANDO,"$250,000.00",,1,1,113,APARTAMENTOS,
"Ave Balboa, Bella Vista",YOO,VENTA,"$550,000.00",,2,2,176,APARTAMENTOS,DE SEGUNDA
"Balboa,Ancon",YACHT CLUB,VENTA,"$420,000.00",,2,2,152,APARTAMENTOS,NUEVO
"Ave Balboa, Bella Vista",CONDESA DEL MAR,ALQUILER,"$3,900.00",,3,3,422,APARTAMENTOS,
"Balboa,Ancon",YACHT CLUB,VENTALQUILER,"$500,000.00",,3,2,179,APARTAMENTOS,NUEVO
"Ave Balboa, Bella Vista",RIVAGE,VENTA,"$360,000.00",,1,2,150,APARTAMENTOS,DE SEGUNDA
"Ave Balboa, Calidonia",WATERS ON THE BAY,VENTA,"$690,000.00",,3,3,269,APARTAMENTOS,DE SEGUNDA
"Avenida balboa,calidonia",WHITE,VENTALQUILER,"$280,000.00",,1,1,121,APARTAMENTOS,DE SEGUNDA
"Ave Balboa, Bella Vista",MIRAMAR TORRE 2,VENTALQUILER,"$900,000.00",,3,3,375,APARTAMENTOS,NUEVO
"Avenida balboa,calidonia",WHITE,VENTA,"$280,000.00",,2,2,119,APARTAMENTOS,DE SEGUNDA
"Ave Balboa, Bella Vista",ARTS & YOO,ALQUILER,"$2,500.00",,1,1,125,APARTAMENTOS,
"Ave balboa, Bella Vista",GRAND BAY TOWER,ALQUILER,"$1,550.00",,1,2,103,APARTAMENTOS,
"Punta pacifica,  San Francisco",Apartamento JW Marriott,VENTA,"$395,000.00",,1,1,,APARTAMENTOS,DE SEGUNDA
"Punta pacifica, San francisco",OCEANAIRE,VENTA,"$218,000.00",,1,1,,APARTAMENTOS,DE SEGUNDA
"Punta Pacifica, San Francisco",PH Oasis on the Bay,VENTA,"$225,000.00",,2,1,,APARTAMENTOS,DE SEGUNDA
"Punta Pacifica, San Francisco",ROYAL PACIFIC,VENTA,"$260,000.00",,3,2,,APARTAMENTOS,DE SEGUNDA
"Punta Pacifica, San Francisco",Aquamare 29-B,VENTA,"$850,000.00",,3,3,,APARTAMENTOS,NUEVO
"Punta Pacifica, San Francisco",COURTYARD VIEW,VENTA,"$225,000.00",,2,2,,APARTAMENTOS,DE SEGUNDA
"Punta Pacifica, San Francisco",AQUALINA,VENTA,"$749,000.00",,3,3,,APARTAMENTOS,NUEVO
"Punta Pacifica, San Francisco",DUPONT TOWER,VENTA,"$420,000.00",,2,2,,APARTAMENTOS,NUEVO
"Punta Pacifica, San Francisco",MYSTIC POINT,VENTALQUILER,"$450,000.00",,3,3,,APARTAMENTOS,NUEVO
"Punta Pacifica, San Francisco",MYSTIC POINT T100,VENTALQUILER,"$315,000.00",,3,3,,APARTAMENTOS,DE SEGUNDA
"Punta Pacifica, San Francisco",GRAND TOWER,ALQUILER,"$2,100.00",,2,2,,APARTAMENTOS,
"Punta Pacifica, San Francisco",Punta Roca,VENTA,"$1,000,000.00",,4,4,,APARTAMENTOS,NUEVO
"Punta Pacifica, San Francisco",COSTA PACIFICA T100,VENTA,"$290,000.00",,2,2,,APARTAMENTOS,DE SEGUNDA
"Punta Pacifica, San Francisco",OASIS ON THE BAY,ALQUILER,"$1,400.00",,3,2,,APARTAMENTOS,
"Punta Pacifica, San Francisco",MYSTIC POINT,ALQUILER,"$1,400.00",,3,3,,APARTAMENTOS,
"Punta Pacifica, San Francisco",VIVE EN PUNTA PACIFICA CON VISTA AL MAR,ALQUILER,"$1,650.00",,3,4,,APARTAMENTOS,
"Punta Pacifica, San Francisco",OASIS,VENTA,"$210,000.00",,2,1,,APARTAMENTOS,DE SEGUNDA
"Punta Pacifica, San Francisco",Mystic Point 100,ALQUILER,"$1,500.00",,3,3,,APARTAMENTOS,
"Punta Pacifica, San Francisco",MYSTIC POINT AMOBLADO Y MALLA PARA NIÑOS,ALQUILER,"$1,600.00",,3,4,,APARTAMENTOS,
"Punta Pacifica, San Francisco",AQUALINA,VENTA,"$720,000.00",,4,4,,APARTAMENTOS,NUEVO
"Punta Pacifica, San Francisco",COSTA PACIFICA T100,VENTA,"$249,000.00",,3,2,,APARTAMENTOS,DE SEGUNDA
"Punta Pacifica, San Francisco",PACIFIC VILLAGE TORRE 2,ALQUILER,"$2,500.00",,3,3,,APARTAMENTOS,
"Punta Pacifica, San Francisco",BLUE BAHIA,VENTA,"$895,000.00",,4,5,,APARTAMENTOS,NUEVO
"Punta Pacifica, San Francisco",PH DUPONT TOWER,ALQUILER,"$1,450.00",,1,1,,APARTAMENTOS,
"Punta Pacifica, San Francisco",BLUE BAHIA,VENTALQUILER,"$579,000.00",,3,3,,APARTAMENTOS,NUEVO
"Punta Pacifica, San Francisco",DUPONT TOWER,VENTALQUILER,"$379,000.00",,2,2,,APARTAMENTOS,DE SEGUNDA
"Punta Pacifica, San Francisco",PACIFIC SUN,RENTANDO,"$235,000.00",,2,2,,APARTAMENTOS,
"Punta Pacifica, San Francisco",APARTAMENTO EN ALQUILER (JWMARRIOT),ALQUILER,"$2,500.00",,2,2,,APARTAMENTOS,
"Punta Pacifica, San Francisco",OCEANAIRE,VENTALQUILER,"$290,000.00",,2,2,,APARTAMENTOS,DE SEGUNDA
"Punta Pacifica, San Francisco",ALQUILO con 2 ESTAC. | ANTIGUO TRUMP,ALQUILER,"$1,800.00",,1,1,,APARTAMENTOS,
"Punta Pacifica, San Francisco",PH Oceanaire,VENTA,"$330,000.00",,2,2,,APARTAMENTOS,DE SEGUNDA
"Punta Pacifica, San Francisco",SEMI-AMOBLADO + DEPÓSITO DE 11 METROS,VENTA,"$277,000.00",,2,1,,APARTAMENTOS,NUEVO
"Punta Pacifica, San Francisco",AQUALINA,VENTALQUILER,"$636,000.00",,3,3,,APARTAMENTOS,NUEVO
"Punta Pacifica, San Francisco",PH OASIS ON THE BAY,ALQUILER,"$1,250.00",,2,2,,APARTAMENTOS,
"Punta Pacifica, San Francisco",PACIFIC VILLAGE,ALQUILER,"$3,500.00",,3,3,,APARTAMENTOS,
"Punta Pacifica, San Francisco",COSTA PACIFICA T100,VENTALQUILER,"$410,000.00",,3,2,,APARTAMENTOS,NUEVO
"Punta Pacifica, San Francisco",COSTA PACIFICA T400,VENTALQUILER,"$385,000.00",,3,3,,APARTAMENTOS,DE SEGUNDA
"Punta Pacifica, San Francisco",LOFT FOUR 41,ALQUILER,"$1,400.00",,1,1,,APARTAMENTOS,
"Punta Pacifica, San Francisco","BLUE BAHIA, Distinguido ! Impecable !",VENTA,"$599,000.00",,3,3,,APARTAMENTOS,NUEVO
"Punta Pacifica, San Francisco",PACIFIC STAR,VENTALQUILER,"$300,000.00",,3,3,,APARTAMENTOS,DE SEGUNDA
"Punta Pacifica, San Francisco",PACIFIC POINT TORRE 300,VENTA,"$570,000.00",,3,3,,APARTAMENTOS,NUEVO
"Punta Pacifica, San Francisco",ROYAL PACIFIC,ALQUILER,"$1,300.00",,3,2,,APARTAMENTOS,
"Punta Pacifica, San Francisco",OCEANAIRE,VENTALQUILER,"$840,000.00",,2,2,,APARTAMENTOS,NUEVO
"Punta Pacifica, San Francisco",OCEAN PARK TORRE 1,VENTA,"$550,000.00",,3,3,,APARTAMENTOS,NUEVO
"Punta Pacifica, San Francisco",LOFT FOUR 41,VENTA,"$540,000.00",,2,1,,APARTAMENTOS,NUEVO
"Punta Pacifica, San Francisco",PACIFIC SUN,ALQUILER,"$1,300.00",,2,2,,APARTAMENTOS,
"Punta Pacifica, San Francisco",OCEAN DRIVE,VENTA,"$430,000.00",,3,3,,APARTAMENTOS,NUEVO
"Punta Pacifica, San Francisco",COSTA PACIFICA T400,VENTALQUILER,"$360,000.00",,3,3,,APARTAMENTOS,NUEVO
"Punta Pacifica, San Francisco",OCEAN REEF ISLA 1,VENTA,"$5,034,085.00",,,,,,NUEVO
"Punta Pacifica, San Francisco",OCEAN REEF ISLA 1,VENTA,"$3,602,795.00",,,,,,NUEVO
"Punta Pacifica, San Francisco",DUPONT TOWER,ALQUILER,"$2,100.00",,2,2,,APARTAMENTOS,
"Punta Pacifica, San Francisco",OASIS ON THE BAY,RENTANDO,"$780,000.00",,3,3,,APARTAMENTOS,
"Punta Pacifica, San Francisco",OCEAN DRIVE,VENTA,"$460,000.00",,3,3,,APARTAMENTOS,NUEVO
"Punta Pacifica, San Francisco",OASIS ON THE BAY,VENTALQUILER,"$220,000.00",,2,1,,APARTAMENTOS,DE SEGUNDA
"Punta Pacifica, San Francisco",COSTA PACIFICA TORRE T100,VENTA,"$240,000.00",,3,3,,APARTAMENTOS,DE SEGUNDA
"Punta Pacifica, San Francisco",PACIFIC POINT TORRE 300,VENTA,"$720,000.00",,3,4,,APARTAMENTOS,NUEVO
"Punta Pacifica, San Francisco",GRAND TOWER,ALQUILER,,,1,1,,APARTAMENTOS,
"Punta Pacifica, San Francisco",GRAND TOWER,ALQUILER,,,2,2,,APARTAMENTOS,
"Punta Pacifica, San Francisco",PACIFIC POINT TORRE 700,VENTALQUILER,"$1,100,000.00",,3,3,,APARTAMENTOS,NUEVO
"Punta Pacifica, San Francisco",GRAND TOWER,VENTA,"$345,000.00",,2,2,,APARTAMENTOS,DE SEGUNDA
"Punta Pacifica, San Francisco",TRUMP OCEAN CLUB,VENTA,"$515,000.00",,2,2,,APARTAMENTOS,NUEVO
"Punta Pacifica, San Francisco",TRUMP OCEAN CLUB,VENTA,"$515,000.00",,2,2,,APARTAMENTOS,NUEVO
"Punta Pacifica, San Francisco",OCEAN DRIVE,VENTA,"$575,000.00",,3,3,,APARTAMENTOS,NUEVO
"Punta Pacifica, San Francisco",PACIFIC POINT TORRE 700,ALQUILER,"$4,550.00",,3,3,,APARTAMENTOS,
"Punta Pacifica, San Francisco",PACIFIC POINT TORRE 200,VENTA,"$1,027,650.00",,3,3,,APARTAMENTOS,NUEVO
"Punta Pacifica, San Francisco",PACIFIC VILLAGE TORRE 2,ALQUILER,"$1,700.00",,1,1,,APARTAMENTOS,
"Punta Pacifica, San Francisco",TRUMP OCEAN CLUB,VENTALQUILER,"$550,000.00",,2,2,,APARTAMENTOS,NUEVO
"Punta Pacifica, San Francisco",COSTA PACIFICA T300,ALQUILER,"$1,950.00",,3,3,,APARTAMENTOS,
"Punta Pacifica, San Francisco",OCEAN DRIVE,VENTA,"$460,000.00",,3,3,,APARTAMENTOS,NUEVO
"Punta Pacifica, San Francisco",PACIFIC VILLAGE TORRE 2,RENTANDO,"$398,000.00",,2,1,,APARTAMENTOS,
"Punta Pacifica, San Francisco",Q TOWER,ALQUILER,"$3,000.00",,3,3,,APARTAMENTOS,
"Punta Pacifica, San Francisco",PACIFIC BLUE,VENTA,"$190,000.00",,2,2,,APARTAMENTOS,DE SEGUNDA
"Punta Pacifica, San Francisco",ROYAL PACIFIC,VENTALQUILER,"$290,000.00",,3,2,,APARTAMENTOS,DE SEGUNDA
"Punta Pacifica, San Francisco",PACIFIC BLUE,ALQUILER,"$1,300.00",,2,2,,APARTAMENTOS,
"Punta Pacifica, San Francisco",LOFT FOUR 41,ALQUILER,"$2,000.00",,1,1,,APARTAMENTOS,
"Punta Pacifica, San Francisco",COURTYARD VIEW,ALQUILER,"$1,700.00",,2,2,,APARTAMENTOS,
"Punta Pacifica, San Francisco",BELLA MARE,ALQUILER,"$9,200.00",,4,4,,APARTAMENTOS,
"Punta Pacifica, San Francisco",PACIFIC POINT,VENTA,"$1,095,000.00",,3,4,,APARTAMENTOS,NUEVO
"Punta Pacifica, San Francisco",PACIFIC POINT TORRE 300,VENTALQUILER,"$1,050,000.00",,3,3,,APARTAMENTOS,NUEVO
"Punta Pacifica, San Francisco",OCEAN PARK TORRE 2,VENTA,"$660,000.00",,4,4,,APARTAMENTOS,NUEVO
"Punta Pacifica, San Francisco",PACIFIC SKY,VENTA,"$450,000.00",,2,2,,APARTAMENTOS,NUEVO
"Punta Pacifica, San Francisco",OCEAN REEF ISLA 1,VENTA,"$3,432,996.00",,,,,,NUEVO
"Punta Pacifica, San Francisco",GRAND TOWER,VENTA,"$702,975.00",,2,2,,APARTAMENTOS,NUEVO
"Punta Pacifica, San Francisco",GRAND TOWER,VENTA,"$460,875.00",,2,2,,APARTAMENTOS,NUEVO
"Punta Pacifica, San Francisco",GRAND TOWER,VENTA,"$623,600.00",,2,2,,APARTAMENTOS,NUEVO
"Punta Pacifica, San Francisco",Q TOWER,VENTA,"$950,000.00",,4,6,,APARTAMENTOS,NUEVO
"Punta Pacifica, San Francisco",AQUAMARE,VENTA,"$1,450,000.00",,3,3,,APARTAMENTOS,NUEVO
"Punta Pacifica, San Francisco",DUPONT TOWER,VENTALQUILER,"$1,199,000.00",,3,3,,APARTAMENTOS,NUEVO
"Punta Pacifica, San Francisco",AQUAMARE,VENTA,"$1,100,000.00",,3,3,,APARTAMENTOS,NUEVO
"Punta Pacifica, San Francisco",AQUAMARE,ALQUILER,"$4,350.00",,3,3,,APARTAMENTOS,
"Punta Pacifica, San Francisco",OCEAN PARK TORRE 1,VENTA,"$985,000.00",,4,3,,APARTAMENTOS,NUEVO
"Ave balboa,calidonia",RIVAGE,ALQUILER,"$2,000.00",,2,2,177,APARTAMENTOS,
"Ave Balboa, Bella Vista",WATERS ON THE BAY,ALQUILER,"$1,700.00",,2,2,123,APARTAMENTOS,
"Ave Balboa, Bella Vista",YOO,ALQUILER,"$2,300.00",,2,2,181,APARTAMENTOS,
"Ave Balboa, Bella Vista",WHITE,VENTA,"$250,000.00",,2,2,119,APARTAMENTOS,DE SEGUNDA
"Ave Balboa, Bella Vista",YACHT CLUB,ALQUILER,"$2,600.00",,3,3,179,APARTAMENTOS,
"Ave Balboa, Bella Vista",H2O,VENTA,"$589,000.00",,3,3,405,APARTAMENTOS,DE SEGUNDA
"Ave Balboa, Bella Vista",YOO,ALQUILER,"$1,400.00",,1,1,94,APARTAMENTOS,
"Ave balboa,calidonia",WHITE,VENTA,"$338,000.00",,3,3,169,APARTAMENTOS,DE SEGUNDA
"Ave Balboa, Bella Vista",YOO,ALQUILER,"$1,600.00",,1,1,94,APARTAMENTOS,
"Ave Balboa, Bella Vista",YOO,ALQUILER,"$2,300.00",,2,2,167,APARTAMENTOS,
"Ave balboa,calidonia",RIVAGE,VENTA,"$390,000.00",,2,2,177,APARTAMENTOS,DE SEGUNDA
"Ave Balboa, Bella Vista",WATERS ON THE BAY,VENTALQUILER,"$370,000.00",,2,2,122,APARTAMENTOS,DE SEGUNDA
"Ave balboa,calidonia",PRINCESA DEL MAR,RENTANDO,"$650,000.00",,3,3,330,APARTAMENTOS,
"Ave balboa,calidonia",BAYFRONT,VENTA,"$215,000.00",,1,1,100,APARTAMENTOS,DE SEGUNDA
"Ave Balboa, Bella Vista",LA ENSENADA,VENTALQUILER,"$360,000.00",,3,3,194,APARTAMENTOS,DE SEGUNDA
"Ave balboa,calidonia",RIVAGE,VENTALQUILER,"$550,000.00",,2,2,169,APARTAMENTOS,NUEVO
"Ave Balboa, Bella Vista",MIRAMAR TORRE 2,VENTA,"$1,500,000.00",,3,3,750,APARTAMENTOS,NUEVO
"Ave balboa,calidonia",MIRAMAR PLAZA,VENTA,"$1,500,000.00",,3,4,600,APARTAMENTOS,NUEVO
"Ave balboa,calidonia",RIVAGE,VENTA,"$950,000.00",,3,3,347,APARTAMENTOS,NUEVO
"Ave Balboa, Bella Vista",ARTS & YOO,VENTA,"$1,080,000.00",,3,3,316,APARTAMENTOS,NUEVO
"Ave balboa,calidonia",SKY,ALQUILER,"$1,650.00",,2,2,129,APARTAMENTOS,
"Ave Balboa, Bella Vista",MIRAMAR TORRE 2,ALQUILER,"$3,500.00",,3,3,375,APARTAMENTOS,
"Ave Balboa, Bella Vista",YOO,ALQUILER,"$2,300.00",,1,1,125,APARTAMENTOS,
"Ave balboa,calidonia",ELEMENT,RENTANDO,"$270,000.00",,2,2,105,APARTAMENTOS,
"Ave Balboa, Bella Vista",MIRAMAR TORRE 2,VENTA,"$800,000.00",,3,3,375,APARTAMENTOS,NUEVO
"Ave Balboa, Bella Vista",YOO,ALQUILER,"$2,100.00",,1,2,133,APARTAMENTOS,
"Ave Balboa, Bella Vista",MIRAMAR TORRE 2,VENTA,"$900,000.00",,3,3,375,APARTAMENTOS,NUEVO
"Ave Balboa, Bella Vista",WATERS ON THE BAY,VENTALQUILER,"$390,000.00",,2,2,,APARTAMENTOS,DE SEGUNDA
"Ave balboa,calidonia",RIVAGE,RENTANDO,"$360,000.00",,1,1,150,APARTAMENTOS,
"Ave balboa,calidonia",WHITE,RENTANDO,"$330,000.00",,2,2,137,APARTAMENTOS,
"Ave Balboa, Bella Vista",YOO,VENTALQUILER,"$650,000.00",,2,2,180,APARTAMENTOS,NUEVO
"Ave balboa,calidonia",BAYFRONT TOWER,VENTA,"$220,000.00",,1,1,87,APARTAMENTOS,DE SEGUNDA
"Ave Balboa, Bella Vista",YOO,VENTA,"$295,000.00",,1,1,94,APARTAMENTOS,DE SEGUNDA
"Ave Balboa, Bella Vista",VISTA DEL MAR,RENTANDO,"$250,000.00",,1,1,113,APARTAMENTOS,
"Ave Balboa, Bella Vista",YOO,VENTA,"$550,000.00",,2,2,176,APARTAMENTOS,NUEVO
"Ave balboa,calidonia",YACHT CLUB,VENTA,"$420,000.00",,2,2,152,APARTAMENTOS,NUEVO
"Ave Balboa, Bella Vista",CONDESA DEL MAR,ALQUILER,"$3,900.00",,3,3,422,APARTAMENTOS,
"Ave balboa,calidonia",YACHT CLUB,VENTALQUILER,"$500,000.00",,3,2,179,APARTAMENTOS,NUEVO
"Ave balboa,calidonia",RIVAGE,VENTA,"$360,000.00",,1,2,150,APARTAMENTOS,DE SEGUNDA
"Ave Balboa, Bella Vista",WATERS ON THE BAY,VENTA,"$690,000.00",,3,3,269,APARTAMENTOS,NUEVO
"Ave balboa,calidonia",WHITE,VENTALQUILER,"$280,000.00",,1,1,121,APARTAMENTOS,DE SEGUNDA
"Ave Balboa, Bella Vista",MIRAMAR TORRE 2,VENTALQUILER,"$900,000.00",,3,3,375,APARTAMENTOS,NUEVO
"Ave balboa,calidonia",WHITE,VENTA,"$280,000.00",,2,2,119,APARTAMENTOS,DE SEGUNDA
"Ave Balboa, Bella Vista",ARTS & YOO,ALQUILER,"$2,500.00",,1,1,125,APARTAMENTOS,
"Ave Balboa, Bella Vista",GRAND BAY TOWER,ALQUILER,"$1,550.00",,1,2,103,APARTAMENTOS,
"Obarrio, Bella Vista",PH BRISAS OBARRIO,VENTA,"$240,000.00",,3,3,173,APARTAMENTOS,DE SEGUNDA
"Obarrio, Bella Vista",PARK CITY,ALQUILER,"$1,500.00",,2,2,117,APARTAMENTOS,
"Obarrio, Bella Vista",RIVER PARK,VENTA,"$240,000.00",,3,2,131,APARTAMENTOS,DE SEGUNDA
"Obarrio, Bella Vista",Vendo ganga apto amueblado Obarrio,VENTA,"$230,000.00",,3,3,150,APARTAMENTOS,DE SEGUNDA
"Obarrio, Bella Vista",PH THE ONE 17A,ALQUILER,"$1,600.00",,3,3,154,APARTAMENTOS,
"Obarrio, Bella Vista","CASA EN OBARRIO PARA REMODELAR $ 400,000",VENTA,"$400,000.00",,3,4,170,CASAS,NUEVO
"Obarrio, Bella Vista",EXCELENTE APARTAMENTO EN OBARRIO,VENTA,"$275,000.00",,2,3,135,APARTAMENTOS,DE SEGUNDA
"Obarrio, Bella Vista",PH Denovo,VENTA,"$205,000.00",,2,2,110,APARTAMENTOS,DE SEGUNDA
"Obarrio, Bella Vista",CASA EN OBARRIO,ALQUILER,"$2,900.00",,4,2,514,CASAS,
"Obarrio, Bella Vista",TERRENO EN OBARRIO,ALQUILER,"$5,000.00",,,,,,
"Obarrio, Bella Vista",SOPHIA TOWER,VENTA,"$355,000.00",,3,3,188,APARTAMENTOS,DE SEGUNDA
"Obarrio, Bella Vista",BAHIA OBARRIO,ALQUILER,"$1,950.00",,3,3,181,APARTAMENTOS,
"Obarrio, Bella Vista",RIVER PARK,ALQUILER,"$1,600.00",,3,2,131,APARTAMENTOS,
"Obarrio, Bella Vista",CASA EN OBARRIO,VENTA,"$750,000.00",,3,3,292,CASAS,NUEVO
"Obarrio, Bella Vista",TERRAZAS DE OBARRIO,ALQUILER,"$1,500.00",,3,2,197,APARTAMENTOS,
"Obarrio, Bella Vista",VISTA PACIFICA,ALQUILER,"$1,700.00",,3,3,190,APARTAMENTOS,
"Obarrio, Bella Vista",SOPHIA TOWER,VENTA,"$375,000.00",,3,3,188,APARTAMENTOS,DE SEGUNDA
"Obarrio, Bella Vista",MILLENIUM,ALQUILER,"$1,650.00",,3,2,177,APARTAMENTOS,
Bella vista,THE PALM,VENTALQUILER,"$382,812.00",,3,3,166,APARTAMENTOS,DE SEGUNDA
Bella vista,THE PALM,RENTANDO,"$378,718.00",,3,3,165,APARTAMENTOS,
Bella vista,THE PALM,VENTALQUILER,"$383,456.00",,3,3,167,APARTAMENTOS,DE SEGUNDA
Bella vista,VILLAS OBARRIO,ALQUILER,"$1,300.00",,2,2,115,APARTAMENTOS,
Bella vista,RIVER PARK,ALQUILER,"$2,000.00",,3,2,128,APARTAMENTOS,
Bella vista,RIVER PARK,ALQUILER,"$2,000.00",,3,2,131,APARTAMENTOS,
Bella vista,RIVER PARK,VENTA,"$325,000.00",,2,2,131,APARTAMENTOS,DE SEGUNDA
Bella vista,Apartamento en Yacht Club,VENTA,"$261,670.00",,1,1,166,APARTAMENTOS,DE SEGUNDA
Bella vista,ESCUCHAMOS OFERTAS ¡PRECIO NEGOCIABLE!,VENTA,"$270,000.00",,2,2,108,APARTAMENTOS,DE SEGUNDA
Bella vista,THE SEAWAVES,VENTA,"$220,000.00",,3,2,125,APARTAMENTOS,DE SEGUNDA
Bella vista,CERROMAR,VENTA,"$470,000.00",,4,4,331,APARTAMENTOS,NUEVO
Bella vista,LAS PALMERAS,ALQUILER,"$1,950.00",,4,3,282,APARTAMENTOS,
Bella vista,Apartamento en PH Marina Park,VENTA,"$390,000.00",,3,3,204,APARTAMENTOS,DE SEGUNDA
Bella vista,Allure At The Park,ALQUILER,"$1,600.00",,2,2,175,APARTAMENTOS,
Bella vista,Miramar 36-B,VENTA,"$690,000.00",,3,3,375,APARTAMENTOS,NUEVO
Bella vista,SE VENDE APARTAMENTO EN PH ALLURE,VENTA,"$550,000.00",,3,3,287,APARTAMENTOS,NUEVO
Bella vista,MEGAPOLIS PISO ALTO | EVALUAMOS OFERTAS,VENTA,"$101,000.00",,1,1,43,APARTAMENTOS,DE SEGUNDA
Bella vista,ph h2o on the ocean,VENTALQUILER,"$485,000.00",,4,3,280,APARTAMENTOS,NUEVO
Bella vista,INIGUALABLE MODELO F – AHORA NEGOCIABLE,ALQUILER,"$2,100.00",,1,1,135,APARTAMENTOS,
Bella vista,THE SEAWAVE,ALQUILER,$900.00,,2,3,100,APARTAMENTOS,
Bella vista,Torres del Pacifico Torre B,VENTA,"$300,000.00",,3,3,180,APARTAMENTOS,DE SEGUNDA
Cinta Costera,NUOVO PANAMA con 4 ESTACIONAMIENTOS,VENTA,"$390,000.00",,2,3,101,APARTAMENTOS,DE SEGUNDA
Cinta Costera,NUOVO PANAMA con 2 ESTACIONAMIENTOS,VENTA,"$330,000.00",,2,3,94,APARTAMENTOS,DE SEGUNDA
Bella vista,Apartamento en venta PH Rivage 29-B,VENTA,"$275,000.00",,2,2,150,APARTAMENTOS,DE SEGUNDA
Cinta Costera,NUOVO PANAMA A PASOS DE LA CINTA COSTERA,VENTA,"$299,000.00",,2,3,94,APARTAMENTOS,DE SEGUNDA
Bella vista,ROR,VENTA,"$298,000.00",,3,3,239,APARTAMENTOS,DE SEGUNDA
Bella vista,MARINA PARK,RENTANDO,"$390,000.00",,3,3,204,APARTAMENTOS,
Bella vista,MARINA PARK,RENTANDO,"$390,000.00",,3,3,210,APARTAMENTOS,
Bella vista,CASA COMERCIAL EN BELLA VISTA,VENTALQUILER,"$1,080,000.00",,6,618,,CASAS,NUEVO
Bella vista,"P.H BELLA VISTA PARK,",VENTALQUILER,"$297,500.00",,2,2,160,APARTAMENTOS,DE SEGUNDA
Bella vista,TERRENO EN BELLA VISTA,VENTA,"$1,900,000.00",,,,,,NUEVO
Bella vista,PH BELLA VISTA PARK,VENTA,"$290,000.00",,2,2,132,APARTAMENTOS,DE SEGUNDA
Bella vista,ROR,VENTA,"$330,000.00",,3,3,228,APARTAMENTOS,DE SEGUNDA
Bella vista,TERRENO EN BELLA VISTA,VENTA,"$2,400,000.00",,,,,,NUEVO
Bella vista,ROR,VENTA,"$398,000.00",,2,2,228,APARTAMENTOS,DE SEGUNDA
Bella vista,PARQUE MARBELLA,ALQUILER,"$1,400.00",,2,2,125,APARTAMENTOS,
Bella vista,BELLE VIEW,VENTA,"$315,000.00",,3,2,125,APARTAMENTOS,DE SEGUNDA
Bella vista,TERRENO EN BELLA VISTA,VENTA,"$2,200,000.00",,,,,,NUEVO
Bella vista,HOSTAL EN BELLA VISTA,ALQUILER,"$8,200.00",,688,,,CASAS,
Bella vista,Parkside Costa del Este,VENTALQUILER,"$320,000.00","$1,300.00",1,1,96,APARTAMENTOS,DE SEGUNDA
Costa del Este,MAREA II,VENTA,"$2,216,700.00",,4,4,718,APARTAMENTOS,NUEVO
Bella vista,COSTA SERENA,VENTALQUILER,"$1,100,000.00","$4,000.00",3,5,550,CASAS,NUEVO
Costa del Este,Castellammare Loft,VENTA,"$280,000.00",,2,2,113,APARTAMENTOS,DE SEGUNDA
Costa del Este,SOL DEL ESTE TORRE 2,RENTANDO,"$255,000.00","$1,200.00",3,3,147,APARTAMENTOS,
Costa del Este,Sol del Este,VENTA,"$260,000.00",,3,3,147,APARTAMENTOS,DE SEGUNDA
Costa del Este,COSTA SERENA,VENTA,"$790,000.00",,4,4,420,CASAS,NUEVO
Costa del Este,Costa Dorada #82,VENTA,"$650,000.00",,3,3,380,CASAS,NUEVO
Costa del Este,"Costa del Este, COSTA SERENA",VENTA,"$1,023,000.00",,3,3,500,CASAS,NUEVO
Costa del Este,COSTA AZUL,VENTALQUILER,"$850,000.00","$3,500.00",4,3,247,CASAS,NUEVO
Costa del Este,Costa Serena,VENTALQUILER,"$880,000.00","$4,000.00",4,4,462,CASAS,NUEVO
Costa del Este,OCEAN ONE,VENTA,"$620,000.00",,4,4,330,APARTAMENTOS,NUEVO
Costa del Este,Antigua,ALQUILER,"$4,500.00",,3,3,450,CASAS,
Costa del Este,Green Bay III 22B,VENTA,"$165,000.00",,3,2,114,APARTAMENTOS,DE SEGUNDA
Costa del Este,COSTA SERENA,VENTA,"$850,000.00",,3,3,360,CASAS,NUEVO
Costa del Este,COSTA BAY,VENTA,"$790,000.00",,3,3,414,CASAS,NUEVO
Costa del Este,RIVERSIDE,VENTA,"$294,000.00",,1,2,101,APARTAMENTOS,DE SEGUNDA
Costa del Este,BALMORAL,VENTA,"$2,500,000.00",,4,4,767,CASAS,NUEVO
Costa del Este,CAMELIAS,VENTA,"$1,500,000.00",,3,3,655,CASAS,NUEVO
Costa del Este,BEGONIAS,VENTA,"$1,750,000.00",,6,6,900,CASAS,NUEVO
Costa del Este,PH ALTAMAR DEL ESTE,VENTALQUILER,"$699,000.00","$2,600.00",3,3,317,APARTAMENTOS,NUEVO
Costa del Este,PH RIVERSIDE EN ALQUILER O VENTA,VENTALQUILER,"$340,000.00","$1,600.00",1,2,105,APARTAMENTOS,DE SEGUNDA
Costa del Este,Costa Bella,ALQUILER,"$2,800.00",,3,4,445,CASAS,
Costa del Este,COSTA BELLA RESIDENCIA EN VENTA,VENTA,"$740,000.00",,3,4,360,CASAS,NUEVO
Costa del Este,PH LUMIERE T200 28C,ALQUILER,"$1,300.00",,2,2,102,APARTAMENTOS,
Costa del Este,MAREA II,VENTA,"$2,000,000.00",,4,4,718,APARTAMENTOS,NUEVO
Costa del Este,PH VITRI TOWER,VENTALQUILER,"$1,300,000.00","$5,500.00",4,4,525,APARTAMENTOS,NUEVO
Costa del Este,SOHO TOWER IMPECABLE,VENTALQUILER,"$450,000.00","$2,300.00",3,3,207,APARTAMENTOS,NUEVO
Costa del Este,COUNTRY CLUB,VENTALQUILER,"$370,000.00","$1,500.00",3,3,204,APARTAMENTOS,DE SEGUNDA
Costa del Este,PH SEVILLA T0RRE 1000,VENTA,"$239,000.00",,2,2,110,APARTAMENTOS,DE SEGUNDA
Costa del Este,PH PARKSIDE,ALQUILER,"$1,800.00",,2,2,125,APARTAMENTOS,
Costa del Este,PH Vitri,ALQUILER,"$3,700.00",,4,4,387,APARTAMENTOS,
Costa del Este,TORRE ZEUS,VENTA,"$706,200.00",,3,3,372,APARTAMENTOS,NUEVO
Costa del Este,COSTA SERENA,VENTA,"$1,050,000.00",,5,5,520,CASAS,NUEVO
Costa del Este,PARQUE DEL MAR I,VENTA,"$365,000.00",,3,3,202,APARTAMENTOS,DE SEGUNDA
Costa del Este,TEN TOWER,RENTANDO,"$886,000.00",,3,3,419,APARTAMENTOS,
Costa del Este,TOSCANA DEL ESTE,VENTA,"$1,800,000.00",,4,4,500,CASAS,NUEVO
Costa del Este,ROYAL PACIFIC,VENTALQUILER,"$1,350,000.00","$6,500.00",5,4,575,CASAS,NUEVO
Costa del Este,OCEAN TWO,VENTA,"$875,000.00",,4,4,410,APARTAMENTOS,NUEVO
Costa del Este,PH Breeze,VENTA,"$450,000.00",,3,3,238,APARTAMENTOS,NUEVO
Costa del Este,PH MAREA,VENTALQUILER,"$1,785,000.00","$6,500.00",4,4,626,APARTAMENTOS,NUEVO
Costa del Este,PH VITRI TOWER,ALQUILER,"$3,900.00",,4,4,386,APARTAMENTOS,
Costa del Este,OCEAN TWO,VENTA,"$749,000.00",,3,3,415,APARTAMENTOS,NUEVO
Costa del Este,Sol del Este 19A,VENTALQUILER,"$260,000.00","$1,400.00",3,3,147,APARTAMENTOS,DE SEGUNDA
Costa del Este,PH MAREA,VENTA,"$1,550,000.00",,4,4,626,APARTAMENTOS,NUEVO
Costa del Este,PH PARQUE DEL MAR LINDA VISTA AL PARQUE,VENTA,"$359,900.00",,3,3,202,APARTAMENTOS,DE SEGUNDA
Costa del Este,OCEAN TWO,VENTA,"$675,000.00",,3,3,303,APARTAMENTOS,DE SEGUNDA
Costa del Este,PANAMA BAY TOWER,VENTALQUILER,"$660,000.00","$4,250.00",3,3,338,APARTAMENTOS,NUEVO
Costa del Este,VITRI TOWER,VENTALQUILER,"$956,228.00","$4,850.00",3,3,368,APARTAMENTOS,NUEVO
Costa del Este,BAYSIDE,ALQUILER,"$3,300.00",,3,3,294,APARTAMENTOS,
Costa del Este,BAYSIDE,ALQUILER,"$2,990.00",,3,3,294,APARTAMENTOS,
Costa del Este,GREEN BAY COSTA DEL ESTE,VENTA,"$180,000.00",,3,2,125,APARTAMENTOS,DE SEGUNDA
Costa del Este,Ocean Two,VENTALQUILER,"$625,000.00","$2,800.00",3,3,303,APARTAMENTOS,NUEVO
Costa del Este,Panama Bay Tower,ALQUILER,"$2,500.00",,3,3,339,APARTAMENTOS,
Costa del Este,Riverside,VENTALQUILER,"$330,000.00","$1,800.00",2,2,142,APARTAMENTOS,DE SEGUNDA
Costa del Este,Penthouse Breeze Costa del Este,VENTA,"$1,200,000.00",,4,5,443,APARTAMENTOS,NUEVO
Costa del Este,TEN TOWER,VENTA,"$895,000.00",,3,3,432,APARTAMENTOS,NUEVO
Costa del Este,COSTA REAL TOWER,ALQUILER,"$1,900.00",,3,3,222,APARTAMENTOS,
Costa del Este,Casa,VENTA,"$700,000.00",,3,3,313,CASAS,NUEVO
Costa del Este,SOHO TOWER AMOBLADO,ALQUILER,"$2,300.00",,3,3,207,APARTAMENTOS,
Costa del Este,Parque del Mar,VENTALQUILER,"$380,000.00","$1,750.00",3,3,202,APARTAMENTOS,DE SEGUNDA
"Costa del Este,Juan Díaz",PH – Pearl At The Sea,VENTA,"$695,000.00",,3,3,291,APARTAMENTOS,NUEVO
"Costa del Este,Juan Díaz",PARKSIDE,VENTA,"$300,000.00",,1,1,96,APARTAMENTOS,DE SEGUNDA
"Costa del Este,Juan Díaz",Sevilla,VENTALQUILER,"$220,000.00","$1,200.00",2,2,110,APARTAMENTOS,DE SEGUNDA
"Costa del Este,Juan Díaz",LATITUDE,VENTA,"$485,000.00",,3,3,210,APARTAMENTOS,NUEVO
"Costa del Este,Juan Díaz",Acqua II,ALQUILER,"$3,500.00",,3,5,348,APARTAMENTOS,
"Costa del Este,Juan Díaz",PH TITANIUM,VENTA,"$475,000.00",,3,3,226,APARTAMENTOS,NUEVO
"Costa del Este,Juan Díaz",Royal Pacific,VENTA,"$1,350,000.00",,4,4,561,CASAS,NUEVO
"Costa del Este,Juan Díaz",MURANO,VENTA,"$700,000.00",,3,3,290,APARTAMENTOS,NUEVO
"Costa del Este,Juan Díaz",TEN TOWER,VENTA,"$925,000.00",,3,3,424,APARTAMENTOS,NUEVO
"Costa del Este,Juan Díaz",COSTA DEL ESTE COUNTRY CLUB,RENTANDO,"$389,000.00","$1,400.00",3,3,204,APARTAMENTOS,
"Costa del Este,Juan Díaz",TOSCANA DEL ESTE,VENTA,"$2,200,000.00",,4,4,650,CASAS,NUEVO
"Costa del Este,Juan Díaz",BALMORAL,VENTA,"$3,200,000.00",,5,8,850,CASAS,NUEVO
"Costa del Este,Juan Díaz",THE REGENT COUNTRY CLUB,VENTA,"$315,000.00",,2,2,106,APARTAMENTOS,DE SEGUNDA
"Costa del Este,Juan Díaz",THE REGENT COUNTRY CLUB,VENTA,"$280,000.00",,2,2,96,APARTAMENTOS,DE SEGUNDA
"Costa del Este,Juan Díaz",RIVERSIDE,RENTANDO,"$325,000.00",,2,2,130,APARTAMENTOS,
"Costa del Este,Juan Díaz",MAREA II,VENTA,"$2,221,700.00",,4,4,718,APARTAMENTOS,NUEVO
"Costa del Este,Juan Díaz",MAREA II,VENTA,"$2,206,700.00",,4,4,718,APARTAMENTOS,NUEVO
"Costa del Este,Juan Díaz",MAREA II,VENTA,"$2,191,700.00",,4,4,718,APARTAMENTOS,NUEVO
"Costa del Este,Juan Díaz",THE REGENT COSTA DEL ESTE,ALQUILER,"$1,950.00",,3,3,202,APARTAMENTOS,
"Costa del Este,Juan Díaz",MAREA I,VENTA,"$2,000,000.00",,4,4,680,APARTAMENTOS,NUEVO
"Costa del Este,Juan Díaz",CASTELLAMARE,ALQUILER,"$1,600.00",,2,2,137,APARTAMENTOS,
"Costa del Este,Juan Díaz",PALMERAS DEL ESTE,VENTA,"$889,000.00",,3,3,368,CASAS,NUEVO
"Costa del Este,Juan Díaz",TEN TOWER,ALQUILER,"$4,500.00",,3,3,419,APARTAMENTOS,
"Costa del Este,Juan Díaz",ACQUA I,VENTA,"$915,000.00",,3,3,325,APARTAMENTOS,NUEVO
"Costa del Este,Juan Díaz",MAREA II,VENTA,"$2,389,000.00",,4,4,1145,APARTAMENTOS,NUEVO
"Costa del Este,Juan Díaz",TERRENO EN PUERTA DEL MAR,VENTA,"$1,000,000.00",,,,,,NUEVO
"Costa del Este,Parque Lefevre",BREEZE,ALQUILER,"$2,300.00",,3,3,239,APARTAMENTOS,
"Costa del Este,Juan Díaz",TERRENO PARQUE INDUSTRIAL COSTA DEL ESTE,VENTA,"$2,931,250.00",,,,,,NUEVO
"Costa del Este,Juan Díaz",PARAMOUNT,ALQUILER,,,3,3,323,APARTAMENTOS,
"Costa del Este,Juan Díaz",COSTA DEL ESTE COUNTRY CLUB,ALQUILER,"$1,900.00",,3,3,204,APARTAMENTOS,
"Costa del Este,Juan Díaz",ACQUA I,VENTA,"$1,040,000.00",,3,3,325,APARTAMENTOS,NUEVO
"Costa del Este,Juan Díaz",TOP TOWERS,VENTA,"$245,000.00",,2,2,119,APARTAMENTOS,DE SEGUNDA
"Costa del Este,Juan Díaz",TITANIUM,VENTA,"$550,000.00",,3,3,223,APARTAMENTOS,NUEVO
"Costa del Este,Juan Díaz",PARQUE DEL MAR I,VENTA,"$470,000.00",,3,3,202,APARTAMENTOS,NUEVO
"Costa del Este,Juan Díaz",PANAMA BAY,ALQUILER,"$3,000.00",,3,3,338,APARTAMENTOS,
"Costa del Este,Parque Lefevre",MAGNOLIAS,VENTA,"$1,595,000.00",,4,4,807,CASAS,NUEVO
"Costa del Este,Juan Díaz",COSTA VIEW,VENTA,"$285,000.00",,3,2,164,APARTAMENTOS,NUEVO
"Costa del Este,Juan Díaz",MURANO,VENTA,"$790,000.00",,3,3,323,APARTAMENTOS,NUEVO
"Costa del Este,Juan Díaz",COSTA DE LAS PERLAS,VENTALQUILER,"$1,400,000.00","$4,500.00",4,4,,CASAS,NUEVO
"Costa del Este,Juan Díaz",SEVILLA,ALQUILER,"$1,600.00",,3,3,188,APARTAMENTOS,
"Costa del Este,Juan Díaz",SOL DEL ESTE TORRE 2,RENTANDO,"$290,000.00","$1,500.00",3,3,147,APARTAMENTOS,
"Costa del Este,Juan Díaz",GREEN BAY TORRE 4,RENTANDO,"$400,000.00","$1,800.00",4,3,163,APARTAMENTOS,
"Costa del Este,Juan Díaz",TOP TOWERS,VENTA,"$270,000.00",,2,2,113,APARTAMENTOS,DE SEGUNDA
"Costa del Este,Juan Díaz",MAGNOLIAS,VENTA,"$2,500,000.00",,4,5,1100,CASAS,NUEVO
"Costa del Este,Juan Díaz",COSTA AZUL,VENTALQUILER,"$1,300,000.00","$5,000.00",4,4,467,CASAS,NUEVO
"Costa del Este,Juan Díaz",BEGONIAS,VENTA,"$1,500,000.00",,4,4,570,CASAS,NUEVO
"Costa del Este,Juan Díaz",BALMORAL,VENTA,"$2,450,000.00",,4,5,803,CASAS,NUEVO
"Costa del Este,Juan Díaz",VERTIKAL,VENTALQUILER,"$400,000.00","$2,000.00",3,3,172,APARTAMENTOS,NUEVO
"Costa del Este,Juan Díaz",TITANIUM,VENTA,"$950,000.00",,3,3,374,APARTAMENTOS,NUEVO
"Costa del Este,Juan Díaz",TITANIUM,RENTANDO,"$585,000.00","$2,250.00",3,3,226,APARTAMENTOS,
"Costa del Este,Juan Díaz",PARAMOUNT,ALQUILER,"$3,900.00",,3,4,323,APARTAMENTOS,
"Costa del Este,Juan Díaz",TERRENO EN COSTA DEL ESTE,VENTA,"$1,637,887.00",,,,,,NUEVO
"Costa del Este,Juan Díaz",PEARL AT THE SEA,ALQUILER,"$3,400.00",,3,3,292,APARTAMENTOS,
"Costa del Este,Juan Díaz",ACQUA II,VENTA,"$1,100,000.00",,3,3,345,APARTAMENTOS,NUEVO
"Costa del Este,Juan Díaz",BREEZE,VENTA,"$510,000.00",,3,3,217,APARTAMENTOS,NUEVO
"Costa del Este,Juan Díaz",TITANIUM,RENTANDO,"$670,000.00","$2,400.00",3,3,234,APARTAMENTOS,
"Costa del Este,Juan Díaz",TITANIUM,RENTANDO,"$650,000.00","$2,500.00",3,3,226,APARTAMENTOS,
"Costa del Este,Juan Díaz",SOL DEL ESTE TORRE 1,VENTA,"$310,000.00","$1,600.00",3,3,147,APARTAMENTOS,DE SEGUNDA
"Costa del Este,Juan Díaz",SEVILLA,VENTA,"$310,000.00","$1,700.00",3,2,155,APARTAMENTOS,NUEVO
"Costa del Este,Juan Díaz",MAGNOLIAS,VENTA,"$3,825,000.00",,5,5,1200,CASAS,NUEVO
"Costa del Este,Juan Díaz",PARAMOUNT,ALQUILER,"$3,800.00",,3,3,313,APARTAMENTOS,
"Costa del Este,Juan Díaz",PALMERAS DEL ESTE,VENTA,"$1,075,000.00",,4,3,378,CASAS,NUEVO
"Costa del Este,Juan Díaz",PEARL AT THE SEA,VENTA,"$760,000.00",,3,3,292,APARTAMENTOS,NUEVO
"Costa del Este,Juan Díaz",BREEZE,VENTA,"$520,000.00",,3,3,217,APARTAMENTOS,NUEVO
"Costa del Este,Juan Díaz",ELEVATION,VENTA,"$400,000.00",,3,3,185,APARTAMENTOS,NUEVO
"Costa del Este,Juan Díaz",COSTA DEL ESTE COUNTRY CLUB T100,VENTA,"$470,000.00",,3,3,204,APARTAMENTOS,NUEVO
"Costa del Este,Juan Díaz",SOL DEL ESTE TORRE 2,VENTA,"$310,000.00","$1,600.00",3,3,147,APARTAMENTOS,DE SEGUNDA
"Costa del Este,Juan Díaz",PARQUE DEL MAR I,VENTA,"$530,000.00",,3,3,202,APARTAMENTOS,NUEVO
"Costa del Este,Juan Díaz",SOL DEL ESTE TORRE 2,ALQUILER,"$1,900.00",,3,3,147,APARTAMENTOS,
"Costa del Este,Juan Díaz",PARQUE DEL MAR I,VENTA,"$500,000.00",,3,3,202,APARTAMENTOS,NUEVO
"SANTA MARIA,Juan Díaz",ACQUA II,VENTA,"$1,200,000.00",,3,3,345,APARTAMENTOS,NUEVO
"SANTA MARIA,Juan Díaz",Greenview 3201,ALQUILER,"$2,500.00",,3,3,235,APARTAMENTOS,
"SANTA MARIA,Juan Díaz",PH PRIVILEDGE,VENTALQUILER,"$700,000.00",,3,3,235,APARTAMENTOS,
"SANTA MARIA,Juan Díaz",THE HERITAGE,VENTA,"$2,100,000.00",,4,4,640,APARTAMENTOS,NUEVO
"SANTA MARIA,Juan Díaz",THE RESERVE T300,VENTALQUILER,"$1,249,000.00",,4,4,416,APARTAMENTOS,NUEVO
"SANTA MARIA,Juan Díaz",THE RESERVE T300,VENTA,"$750,000.00",,4,5,296,APARTAMENTOS,NUEVO
"SANTA MARIA,Juan Díaz",BUENAVISTA RESIDENCES,ALQUILER,"$4,500.00",,3,3,400,APARTAMENTOS,
"SANTA MARIA,Juan Díaz",BUENAVISTA RESIDENCES,VENTA,"$1,199,000.00",,3,3,400,APARTAMENTOS,NUEVO
"SANTA MARIA,Juan Díaz",LA VISTA ON THE GREEN,VENTA,"$1,700,000.00",,3,3,572,APARTAMENTOS,NUEVO
"SANTA MARIA,Juan Díaz",LA VISTA ON THE GREEN,VENTA,"$875,000.00",,3,3,336,APARTAMENTOS,NUEVO
"SANTA MARIA,Juan Díaz",THE RESERVE T300,VENTA,"$690,000.00",,4,4,296,APARTAMENTOS,NUEVO
"SANTA MARIA,Juan Díaz",The Reserve Santa Maria Torre legacy 400,ALQUILER,"$3,000.00",,4,4,270,APARTAMENTOS,
"SANTA MARIA,Juan Díaz",PH Heritage,ALQUILER,"$8,000.00",,4,4,612,APARTAMENTOS,
"SANTA MARIA,Juan Díaz",SANTA MARIA BUSINESS DISTRICT,VENTA,"$5,198,267.00",,,,,,NUEVO
"SANTA MARIA,Juan Díaz",GREENVIEW,ALQUILER,"$2,500.00",,3,3,215,APARTAMENTOS,
"SANTA MARIA,Juan Díaz",VALERY POINT,VENTA,"$1,158,795.00",,3,3,351,APARTAMENTOS,NUEVO
"MARBELLA,Bella Vista",THE HERITAGE,VENTA,"$3,198,050.00",,3,3,640,APARTAMENTOS,NUEVO
"MARBELLA,Bella Vista",EBBELLE,VENTALQUILER,"$260,000.00","$1,500.00",3,3,158,APARTAMENTOS,DE SEGUNDA
"MARBELLA,Bella Vista",SOL MARINA REMODELADO – 242M2,VENTA,"$399,000.00",,3,3,242,APARTAMENTOS,DE SEGUNDA
"MARBELLA,Bella Vista",Marbella Tower,VENTA,"$265,000.00","$1,350.00",3,3,186,APARTAMENTOS,
"MARBELLA,Bella Vista",Torre Ebbelle I,ALQUILER,"$1,275.00",,3,3,167,APARTAMENTOS,
"MARBELLA,Bella Vista",Alquiler Marbella 3beds/3baths amoblado.,ALQUILER,"$1,150.00",,3,3,135,APARTAMENTOS,
"MARBELLA,Bella Vista",PH Girasol,VENTA,"$225,000.00",,3,2,168,APARTAMENTOS,DE SEGUNDA
"MARBELLA,Bella Vista",MARABIERTO,ALQUILER,"$2,000.00",,3,3,264,APARTAMENTOS,
"MARBELLA,Bella Vista","Apartamento en Marbella, Ph Alfil",VENTA,"$225,000.00",,3,3,174,APARTAMENTOS,DE SEGUNDA
"MARBELLA,Bella Vista",PH LOS DELFINES APT 36,VENTALQUILER,"$760,000.00","$4,500.00",4,4,560,APARTAMENTOS,NUEVO
"MARBELLA,Bella Vista",Grand Bay 2 recámaras,VENTA,"$225,000.00",,2,2,97,APARTAMENTOS,DE SEGUNDA
"MARBELLA,Bella Vista",BAHIA ESMERALDA,VENTA,"$910,000.00",,4,4,497,APARTAMENTOS,NUEVO
"MARBELLA,Bella Vista",Luxury apartment in Yoo Panama,VENTA,"$359,000.00",,1,1,121,APARTAMENTOS,DE SEGUNDA
Bella vista,TORRE MARBELLA,VENTA,"$285,000.00",,3,3,187,APARTAMENTOS,DE SEGUNDA
Bella vista,BAHIA ESMERALDA,VENTA,"$418,500.00",,3,3,245,APARTAMENTOS,NUEVO
Bella vista,BAHIA ESMERALDA,VENTALQUILER,"$458,000.00","$2,350.00",3,3,246,APARTAMENTOS,NUEVO
Bella vista,MARBELLA TOWER II,ALQUILER,"$1,450.00",,3,3,213,APARTAMENTOS,
Bella vista,RIO MAR,VENTA,"$260,000.00",,3,2,215,APARTAMENTOS,DE SEGUNDA
Bella vista,BRISAS MARBELLA,ALQUILER,"$1,900.00",,3,3,212,APARTAMENTOS,
Bella vista,COSTA DEL MAR,VENTA,"$350,000.00",,3,3,241,APARTAMENTOS,DE SEGUNDA
Bella vista,MARBELLA TOWER 1,ALQUILER,"$1,500.00",,2,138,,APARTAMENTOS,
Bella vista,MARBELLA 47,VENTA,"$515,000.00",,3,3,195,APARTAMENTOS,NUEVO
Bella vista,CORAL REEF,ALQUILER,"$1,400.00",,1,1,90,APARTAMENTOS,
Bella vista,MARBELLA TOWER II,VENTALQUILER,"$288,000.00","$1,900.00",3,3,213,APARTAMENTOS,DE SEGUNDA
Bella vista,CASA COMERCIAL EN MARBELLA,RENTANDO,"$1,650,000.00","$5,500.00",10,9,583,CASAS,
San Fransisco,MARBELLA TOWER II,VENTA,"$420,000.00",,3,4,213,APARTAMENTOS,NUEVO
San Fransisco,PANAMAR,VENTA,"$690,000.00",,3,,3,APARTAMENTOS,NUEVO
San Fransisco,ICON TOWER,VENTA,"$315,000.00",,3,,3,APARTAMENTOS,DE SEGUNDA
San Fransisco,SOBRE LAS ROCAS,VENTALQUILER,"$695,000.00","$2,450.00",3,,3,APARTAMENTOS,NUEVO
San Fransisco,PUNTARENAS,VENTALQUILER,"$670,000.00","$2,900.00",3,,3,APARTAMENTOS,NUEVO
San Fransisco,Panamar Apt 2 A,VENTA,"$625,000.00",,3,,3,APARTAMENTOS,NUEVO
San Fransisco,SANTORINI,VENTALQUILER,"$970,000.00","$4,000.00",3,,3,APARTAMENTOS,NUEVO
San Fransisco,OCEAN SKY,ALQUILER,"$1,600.00",,2,,2,APARTAMENTOS,
San Fransisco,P.H. OCEAN SKY EN VENTA PISO COMPLETO,VENTA,"$650,000.00",,3,,2,APARTAMENTOS,NUEVO
San Fransisco,OCEAN SKY,VENTA,"$1,500,000.00","$5,500.00",3,,3,APARTAMENTOS,NUEVO
San Fransisco,DA VINCI,VENTALQUILER,"$389,000.00","$1,700.00",3,,3,APARTAMENTOS,DE SEGUNDA
San Fransisco,APARTAMENTO EN OCEAN SKY COCO DEL MAR,VENTA,"$325,000.00",,2,,2,APARTAMENTOS,DE SEGUNDA
San Fransisco,LE MARE,RENTANDO,"$265,000.00","$1,300.00",2,,2,APARTAMENTOS,
San Fransisco,ICON TOWER,ALQUILER,"$1,250.00",,1,,1,APARTAMENTOS,
San Fransisco,Edificio Panamar,VENTA,"$1,325,000.00",,4,,4,APARTAMENTOS,NUEVO
San Fransisco,COCO PALACE,RENTANDO,"$445,000.00","$1,500.00",3,,3,APARTAMENTOS,
San Fransisco,PUNTARENAS,VENTA,"$660,000.00",,3,,3,APARTAMENTOS,NUEVO
San Fransisco,BOUTIQUE QUARTIER DEL MAR,VENTA,"$280,000.00",,2,,2,APARTAMENTOS,DE SEGUNDA
San Fransisco,CASA EN COCO DEL MAR,VENTALQUILER,"$715,000.00","$3,750.00",5,,4,CASAS,NUEVO
San Fransisco,SANTORINI,VENTA,"$995,000.00",,3,,3,APARTAMENTOS,NUEVO
San Fransisco,SANTORINI,VENTA,"$995,000.00",,3,,3,APARTAMENTOS,NUEVO
San Fransisco,VERANDA TOWER,VENTALQUILER,"$337,500.00","$2,400.00",2,,3,APARTAMENTOS,DE SEGUNDA
San Fransisco,TORRES COCO MAR,ALQUILER,"$1,300.00",,2,,2,APARTAMENTOS,
San Fransisco,ICON TOWER,VENTA,"$331,200.00",,2,,2,APARTAMENTOS,DE SEGUNDA
San Fransisco,LONG BEACH,ALQUILER,"$2,000.00",,3,,3,APARTAMENTOS,
San Fransisco,BALEARES,VENTA,"$595,000.00",,4,,4,APARTAMENTOS,NUEVO
San Fransisco,BELVEDERE,VENTALQUILER,"$680,000.00","$4,000.00",5,,5,APARTAMENTOS,NUEVO
Ancón,LE MARE,ALQUILER,"$1,400.00",,1,,1,APARTAMENTOS,
Ancón,EMBASSY CLUB COURTYARD II, VENTA,"$260,000.00",,2,,2,APARTAMENTOS,DE SEGUNDA
Ancón,TOWNHOUSE EMBASSY CLUB, VENTALQUILER,"$599,000.00","$2,800.00",3,,3,CASAS,NUEVO
Ancón,"Calle Parker y Calle Hill, Ciudad del Sa", ALQUILERMLS Acobir,"$2,300.00",,4,,2,CASAS,
Ancón,Greenfield Casa 18, VENTAMLS Acobir,"$440,000.00",,3,,3,CASAS,NUEVO
Ancón,CASA EN CLAYTON, VENTALQUILER,"$675,000.00","$2,800.00",3,,2,CASAS,NUEVO
Ancón,CANAL VIEW, ALQUILER,"$2,500.00",,3,,3,APARTAMENTOS,
Ancón,EMBASSY GARDEN 10, ALQUILER,"$3,200.00",,3,,2,APARTAMENTOS,
Ancón,CLAYTON PARK, VENTA,"$290,000.00",,3,,2,APARTAMENTOS,DE SEGUNDA
San Fransisco,EMBASSY CLUB COURTYARD II, VENTA,"$375,000.00",,2,,2,APARTAMENTOS,DE SEGUNDA
San Fransisco,THE REGENT,VENTA,"$275,000.00",,3,,2,APARTAMENTOS,DE SEGUNDA
San Fransisco,PLAZA REAL,VENTA,"$255,000.00",,3,,2,APARTAMENTOS,DE SEGUNDA
San Fransisco,LAS MARQUESAS,VENTA,"$220,000.00",,3,,2,APARTAMENTOS,DE SEGUNDA
San Fransisco,PH Joy Tower,VENTALQUILER,"$425,000.00",,3,,3,APARTAMENTOS,NUEVO
San Fransisco,PH COUNTRY PARK,VENTA,"$230,000.00",,3,,2,APARTAMENTOS,DE SEGUNDA
San Fransisco,Aquamarina,VENTA,"$130,000.00",,2,,3,APARTAMENTOS,DE SEGUNDA
San Fransisco,ALQUILADO Y GENERANDO INGRESOS MENSUAL,VENTA,"$160,000.00",,2,,2,APARTAMENTOS,DE SEGUNDA
San Fransisco,PREMIER LOFT,VENTA,"$661,500.00",,3,,3,APARTAMENTOS,NUEVO
San Fransisco,7400 EAST,VENTA,"$350,000.00",,3,,3,APARTAMENTOS,DE SEGUNDA
San Fransisco,PH TEE ONE,ALQUILER,$900.00,,2,,2,APARTAMENTOS,
San Fransisco,Apartamento en San Francisco Bay 600,ALQUILER,$980.00,,2,,2,APARTAMENTOS,
San Fransisco,THE VIEW,VENTA,"$335,000.00",,3,,3,APARTAMENTOS,DE SEGUNDA
San Fransisco,DIAMOND TOWER,VENTA,"$180,000.00",,3,,2,APARTAMENTOS,DE SEGUNDA
San Fransisco,PH TERRASOL,VENTALQUILER,"$240,000.00",,3,,3,APARTAMENTOS,DE SEGUNDA
San Fransisco,LOS FLAMINGOS,VENTALQUILER,"$460,000.00",,4,,6,CASAS,NUEVO
San Fransisco,Ph Cabomarzo,VENTA,"$249,900.00",,3,,2,APARTAMENTOS,DE SEGUNDA
San Fransisco,PREMIER LOFT,VENTA,"$550,000.00",,3,,3,APARTAMENTOS,NUEVO
San Fransisco,San Francisco Bay 26-B,VENTA,"$189,000.00",,2,,2,APARTAMENTOS,DE SEGUNDA
San Fransisco,Concept,VENTALQUILER,"$210,000.00",,2,,2,APARTAMENTOS,DE SEGUNDA
San Fransisco,Harmony Tower,ALQUILER,$950.00,,1,,1,APARTAMENTOS,
San Fransisco,Bah¡a Pac¡fica,VENTA,"$2,450,000.00",,4,,5,APARTAMENTOS,NUEVO
San Fransisco,San Francisco Bay T400,VENTALQUILER,"$420,000.00",,3,,3,APARTAMENTOS,NUEVO
San Fransisco,Casa En San Francisco,ALQUILER,"$2,650.00",,4,,3,CASAS,
San Fransisco,WATERFALLS,VENTA,"$460,000.00",,3,,3,APARTAMENTOS,NUEVO
San Fransisco,TAO TOWER,RENTANDO,"$385,000.00",,3,,3,APARTAMENTOS,
San Fransisco,Terrawind Piso 29 C,ALQUILER,"$1,250.00",,3,,2,APARTAMENTOS,
San Fransisco,Apartamento en Torres de San Francisco,VENTA,"$125,000.00",,2,,1,APARTAMENTOS,DE SEGUNDA
San Fransisco,SAN FRANCISCO BAY T100,VENTA,"$152,500.00",,2,,2,APARTAMENTOS,DE SEGUNDA
San Fransisco,South Coast Tower,ALQUILER,$950.00,,2,,2,APARTAMENTOS,
San Fransisco,THE TOWERS T100,VENTALQUILER,"$380,000.00",,3,,2,APARTAMENTOS,DE SEGUNDA
San Fransisco,P.H DIAMOND TOWER,ALQUILER,$950.00,,2,,2,APARTAMENTOS,
San Fransisco,PH The Regent,VENTA,"$280,000.00",,2,,3,APARTAMENTOS,DE SEGUNDA
San Fransisco,SAN FRANCISCO BAY,ALQUILER,$900.00,,2,,2,APARTAMENTOS,
San Fransisco,SAN FRANCISCO BAY T600,ALQUILER,"$1,200.00",,2,,2,APARTAMENTOS,
San Fransisco,CASA EN SAN FRANCISCO,RENTANDO,"$850,000.00",,4,,3,CASAS,
San Fransisco,BUGANVILLA,VENTA,"$220,000.00",,3,,3,APARTAMENTOS,DE SEGUNDA
San Fransisco,Se alquila elegante apto en PH Portofino,ALQUILER,"$1,500.00",,3,,2,APARTAMENTOS,
San Fransisco,Terrawind torre 1000,VENTA,"$220,000.00",,3,,2,APARTAMENTOS,DE SEGUNDA
San Fransisco,DIAGONAL AL CENTRO COMERCIAL MULTIPLAZA,VENTALQUILER,"$300,000.00",,2,,3,APARTAMENTOS,
San Fransisco,PH Sky Blue,VENTA,"$190,000.00",,2,,2,APARTAMENTOS,DE SEGUNDA
San Fransisco,APARTAMENTO EN SAN FRANCISCO 67,VENTA,"$275,000.00",,2,,3,APARTAMENTOS,DE SEGUNDA
San Fransisco,GREAT CITY TOWER,ALQUILER,"$1,400.00",,2,,2,APARTAMENTOS,
San Fransisco,Park Loft,ALQUILER,"$1,300.00",,1,,1,APARTAMENTOS,
San Fransisco,PH HARMONY TOWER,VENTALQUILER,"$198,000.00",,1,,1,APARTAMENTOS,DE SEGUNDA
San Fransisco,Terrawind,VENTALQUILER,"$275,000.00",,3,,3,APARTAMENTOS,DE SEGUNDA
San Fransisco,Torre Mar del Sur,ALQUILER,$800.00,,2,,2,APARTAMENTOS,
San Fransisco,VENTA ? PH THE REGENT ? SAN FRANCISCO,VENTA,"$285,000.00",,2,,3,APARTAMENTOS,DE SEGUNDA
San Fransisco,HARMONY TOWER,VENTA,"$179,000.00",,1,,1,APARTAMENTOS,DE SEGUNDA
San Fransisco,STAR BAY,VENTALQUILER,"$265,000.00",,3,,3,APARTAMENTOS,DE SEGUNDA
San Fransisco,TERRENO EN SAN FRANCISCO,VENTALQUILER,"$475,000.00",,,,,,NUEVO
San Fransisco,PH Tee One,ALQUILER,"$1,300.00",,3,,3,APARTAMENTOS,
,San Francisco Bay Torre 200,ALQUILER,"$1,000.00",,2,,2,APARTAMENTOS,
San Francisco ,INFINITY TOWER,VENTA,"$560,000.00",,3,,4,APARTAMENTOS,NUEVO
San Francisco ,Casa San Francisco # 46,VENTA,"$1,100,000.00",,3,,2,CASAS,NUEVO
San Francisco ,COCINA ESTILO AMERICANA | PUNTA PACIFICA,VENTA,"$300,000.00",,3,,4,APARTAMENTOS,DE SEGUNDA
San Francisco ,PACIFIC BAY,VENTALQUILER,"$390,000.00",,3,,3,APARTAMENTOS,DE SEGUNDA
San Francisco ,PARK LOFT,VENTALQUILER,"$229,000.00",,1,,1,APARTAMENTOS,DE SEGUNDA
San Francisco ,Mandarin Bay 30-A,VENTA,"$447,000.00",,3,,3,APARTAMENTOS,NUEVO
San Francisco ,PH GENESIS TOWER,VENTA,"$265,000.00",,2,,2,APARTAMENTOS,DE SEGUNDA
San Francisco ,STAR BAY,VENTA,"$342,000.00",,3,,3,APARTAMENTOS,DE SEGUNDA
San Francisco ,PORTO FINO,ALQUILER,"$1,190.00",,3,,2,APARTAMENTOS,
San Francisco ,THE REGENT,VENTA,"$360,000.00",,3,,3,APARTAMENTOS,DE SEGUNDA
San Francisco ,QUADRAT,ALQUILER,"$1,500.00",,2,,2,APARTAMENTOS,
San Francisco ,THE REGENT,VENTA,"$300,000.00",,2,,2,APARTAMENTOS,DE SEGUNDA
San Francisco ,INFINITY TOWER,VENTA,"$295,000.00",,3,,2,APARTAMENTOS,DE SEGUNDA
San Francisco ,Aquamarina,VENTA,"$135,000.00",,2,,2,APARTAMENTOS,DE SEGUNDA
San Francisco ,PH TERRAWIND,VENTA,"$215,000.00",,3,,2,APARTAMENTOS,DE SEGUNDA
San Francisco ,PH TERRAWIND,VENTA,"$239,000.00",,3,,4,APARTAMENTOS,DE SEGUNDA
San Francisco ,PARK HOUSE,RENTANDO,"$160,500.00",,3,,2,APARTAMENTOS,
San Francisco ,SAN FRANCISCO 67,RENTANDO,"$250,000.00",,2,,2,APARTAMENTOS,
San Francisco ,SAN FRANCISCO 67,VENTA,"$258,800.00",,2,,2,APARTAMENTOS,DE SEGUNDA
San Francisco ,SERENITY AT THE BAY,VENTA,"$240,000.00",,2,,2,APARTAMENTOS,DE SEGUNDA
San Francisco ,MARINA PLAZA,VENTA,"$270,000.00",,2,,2,APARTAMENTOS,DE SEGUNDA
San Francisco ,SAN FRANCISCO BAY T100,VENTA,"$180,000.00",,2,,2,APARTAMENTOS,DE SEGUNDA
San Francisco ,7400,VENTA,"$330,000.00",,3,,2,APARTAMENTOS,DE SEGUNDA
San Francisco ,THE REGENT,VENTA,"$300,000.00",,2,,2,APARTAMENTOS,DE SEGUNDA
San Francisco ,FAIRMONT PLAZA,VENTA,"$257,000.00",,2,,2,APARTAMENTOS,DE SEGUNDA
San Francisco ,THE COSMOPOLITAN,RENTANDO,"$235,000.00",,2,,2,APARTAMENTOS,
San Francisco ,EMPORIUM TOWER,ALQUILER,"$1,550.00",,3,,2,APARTAMENTOS,
San Francisco ,MONTEMAR,VENTALQUILER,"$160,000.00",,2,,2,APARTAMENTOS,DE SEGUNDA
San Francisco ,PREMIUM TOWER,VENTA,"$515,000.00",,3,,3,APARTAMENTOS,NUEVO
San Francisco ,WATERFALLS,VENTA,"$435,000.00",,3,,3,APARTAMENTOS,NUEVO
San Francisco ,QUADRAT,ALQUILER,"$1,850.00",,2,,2,APARTAMENTOS,
San Francisco ,WINDOW TOWER,VENTALQUILER,"$398,000.00",,3,,2,APARTAMENTOS,DE SEGUNDA
"Obarrio, Bella Vista",THE ONE,RENTANDO,"$275,000.00",,2,,2,APARTAMENTOS,
San Francisco ,PACIFIC WIND,VENTA,"$259,000.00",,3,,3,APARTAMENTOS,DE SEGUNDA
San Francisco ,MONTEMAR,VENTA,"$160,000.00",,2,,2,APARTAMENTOS,DE SEGUNDA
San Francisco ,PLAZA MARINA,VENTALQUILER,"$165,000.00",,2,,2,APARTAMENTOS,DE SEGUNDA
San Francisco ,CASA EN SAN FRANCISCO,VENTA,"$500,000.00",,3,,2,CASAS,NUEVO
San Francisco ,GREEN POINT,RENTANDO,"$170,100.00",,2,,1,APARTAMENTOS,
San Francisco ,KEOPS TOWER,ALQUILER,"$2,000.00",,3,,3,APARTAMENTOS,
San Francisco ,TERRAWIND TORRE 1000,VENTA,"$248,500.00",,3,,2,APARTAMENTOS,DE SEGUNDA
San Francisco ,TERRAWIND TORRE 2000,VENTALQUILER,"$278,000.00",,3,,3,APARTAMENTOS,DE SEGUNDA
San Francisco ,PARK LOFT,VENTA,"$329,500.00",,2,,2,APARTAMENTOS,DE SEGUNDA
San Francisco ,SERENITY,ALQUILER,"$1,600.00",,2,,2,APARTAMENTOS,
San Francisco ,CAPRICE,VENTA,"$186,000.00",,2,,3,APARTAMENTOS,DE SEGUNDA
San Francisco ,PREMIER LOFT,VENTA,"$560,000.00",,3,,3,APARTAMENTOS,NUEVO
San Francisco ,HARMONY,RENTANDO,"$480,000.00",,3,,2,APARTAMENTOS,
San Francisco ,JOY,VENTA,"$440,000.00",,3,,2,APARTAMENTOS,NUEVO
San Francisco ,PALMA REAL,ALQUILER,"$1,150.00",,2,,2,APARTAMENTOS,
San Francisco ,PREMIER LOFT,VENTALQUILER,"$600,000.00",,3,,3,APARTAMENTOS,NUEVO
San Francisco ,TERRENO EN SAN FRANCISCO,ALQUILER,"$3,500.00",,,,,,
San Francisco ,THE COSMOPOLITAN,VENTA,"$199,000.00",,2,,2,APARTAMENTOS,DE SEGUNDA
San Francisco ,TERRAWIND TORRE 1000,ALQUILER,"$1,350.00",,3,,3,APARTAMENTOS,
San Francisco ,CASA EN SAN FRANCISCO,VENTA,"$1,300,000.00",,4,,3,CASAS,NUEVO
San Francisco ,STAR BAY,VENTALQUILER,"$375,000.00",,3,,3,APARTAMENTOS,DE SEGUNDA
San Francisco ,KOLOSAL TOWER,VENTA,"$312,000.00",,2,,1,APARTAMENTOS,DE SEGUNDA
San Francisco ,PREMIUM TOWER,VENTA,"$585,000.00",,3,,3,APARTAMENTOS,NUEVO
San Francisco ,WATERFALLS,ALQUILER,"$1,800.00",,2,,2,APARTAMENTOS,
San Francisco ,PREMIER LOFT,VENTALQUILER,"$600,000.00",,3,,3,APARTAMENTOS,NUEVO
San Francisco ,SERENITY,VENTALQUILER,"$285,000.00",,2,,3,APARTAMENTOS,DE SEGUNDA
San Francisco ,SERENITY,VENTALQUILER,"$462,800.00",,2,,3,APARTAMENTOS,NUEVO
San Francisco ,JOY,VENTA,"$493,097.00",,3,,2,APARTAMENTOS,NUEVO
San Francisco ,JOY,VENTA,"$493,097.00",,3,,2,APARTAMENTOS,NUEVO
San Francisco ,PLAZA REAL,VENTA,"$290,000.00",,3,,2,APARTAMENTOS,DE SEGUNDA
"Punta Paitilla,San Francisco",TORRE DEL MAR,ALQUILER,"$5,000.00",,3,,3,APARTAMENTOS,
San Francisco ,LATORRACA,ALQUILER,"$1,300.00",,3,,2,APARTAMENTOS,
San Francisco ,PREMIUM TOWER,VENTA,"$425,000.00",,3,,3,APARTAMENTOS,NUEVO
San Francisco ,PACIFIC BAY,VENTALQUILER,"$530,000.00",,3,,3,APARTAMENTOS,NUEVO
San Francisco ,LATORRACA,VENTA,"$260,000.00",,3,,2,APARTAMENTOS,DE SEGUNDA
"Via Israel,San Francisco",TERRAZAS DEL PACIFICO,VENTA,"$970,000.00",,4,,4,APARTAMENTOS,NUEVO
