Numero,Ubicación,Nombre,Disponibilidad,precio de Venta,Precio de Alquiler,Recamaras,Baños,Dimensión,Tipo de vivienda,vivienda nueva / de segunda
1,Bella Vista,RIVAGE,ALQUILER,"$2,000.00",,2,2,177,APARTAMENTOS,
1,Bella Vista,WATERS ON THE BAY,ALQUILER,"$1,700.00",,2,2,123,APARTAMENTOS,
1,Bella Vista,YOO,ALQUILER,"$2,300.00",,2,2,181,APARTAMENTOS,
2,Calidonia,WHITE,VENTA,"$250,000.00",,2,2,119,APARTAMENTOS,DE SEGUNDA
3,Ancón,YACHT CLUB,ALQUILER,"$2,600.00",,3,3,179,APARTAMENTOS,
2,Calidonia,H2O,VENTA,"$589,000.00",,3,3,405,APARTAMENTOS,NUEVO
1,Bella Vista,YOO,ALQUILER,"$1,400.00",,1,1,94,APARTAMENTOS,
2,Calidonia,WHITE,VENTA,"$338,000.00",,3,3,169,APARTAMENTOS,DE SEGUNDA
1,Bella Vista,YOO,ALQUILER,"$1,600.00",,1,1,94,APARTAMENTOS,
1,Bella Vista,YOO,ALQUILER,"$2,300.00",,2,2,167,APARTAMENTOS,
1,Bella Vista,RIVAGE,VENTA,"$390,000.00",,2,2,177,APARTAMENTOS,DE SEGUNDA
1,Bella Vista,WATERS ON THE BAY,VENTALQUILER,"$370,000.00",,2,2,122,APARTAMENTOS,DE SEGUNDA
2,Calidonia,PRINCESA DEL MAR,RENTANDO,"$650,000.00",,3,3,330,APARTAMENTOS,
2,Calidonia,BAYFRONT,VENTA,"$215,000.00",,1,1,100,APARTAMENTOS,DE SEGUNDA
2,Calidonia,LA ENSENADA,VENTALQUILER,"$360,000.00",,3,3,194,APARTAMENTOS,DE SEGUNDA
1,Bella Vista,RIVAGE,VENTALQUILER,"$550,000.00",,2,2,169,APARTAMENTOS,DE SEGUNDA
1,Bella Vista,MIRAMAR TORRE 2,VENTA,"$1,500,000.00",,3,3,750,APARTAMENTOS,NUEVO
2,Calidonia,MIRAMAR PLAZA,VENTA,"$1,500,000.00",,3,4,600,APARTAMENTOS,NUEVO
1,Bella Vista,RIVAGE,VENTA,"$950,000.00",,3,3,347,APARTAMENTOS,NUEVO
1,Bella Vista,ARTS & YOO,VENTA,"$1,080,000.00",,3,3,316,APARTAMENTOS,NUEVO
2,Calidonia,SKY,ALQUILER,"$1,650.00",,2,2,129,APARTAMENTOS,
1,Bella Vista,MIRAMAR TORRE 2,ALQUILER,"$3,500.00",,3,3,375,APARTAMENTOS,
1,Bella Vista,YOO,ALQUILER,"$2,300.00",,1,1,125,APARTAMENTOS,
2,Calidonia,ELEMENT,RENTANDO,"$270,000.00",,2,2,105,APARTAMENTOS,
1,Bella Vista,MIRAMAR TORRE 2,VENTA,"$800,000.00",,3,3,375,APARTAMENTOS,NUEVO
1,Bella Vista,YOO,ALQUILER,"$2,100.00",,1,2,133,APARTAMENTOS,
1,Bella Vista,MIRAMAR TORRE 2,VENTA,"$900,000.00",,3,3,375,APARTAMENTOS,NUEVO
1,Bella Vista,WATERS ON THE BAY,VENTALQUILER,"$390,000.00",,2,2,123,APARTAMENTOS,DE SEGUNDA
1,Bella Vista,RIVAGE,RENTANDO,"$360,000.00",,1,1,150,APARTAMENTOS,
2,Calidonia,WHITE,RENTANDO,"$330,000.00",,2,2,137,APARTAMENTOS,
1,Bella Vista,YOO,VENTALQUILER,"$650,000.00",,2,2,180,APARTAMENTOS,NUEVO
2,Calidonia,BAYFRONT TOWER,VENTA,"$220,000.00",,1,1,87,APARTAMENTOS,DE SEGUNDA
1,Bella Vista,YOO,VENTA,"$295,000.00",,1,1,94,APARTAMENTOS,DE SEGUNDA
1,Bella Vista,VISTA DEL MAR,RENTANDO,"$250,000.00",,1,1,113,APARTAMENTOS,
1,Bella Vista,YOO,VENTA,"$550,000.00",,2,2,176,APARTAMENTOS,DE SEGUNDA
3,Ancón,YACHT CLUB,VENTA,"$420,000.00",,2,2,152,APARTAMENTOS,NUEVO
1,Bella Vista,CONDESA DEL MAR,ALQUILER,"$3,900.00",,3,3,422,APARTAMENTOS,
3,Ancón,YACHT CLUB,VENTALQUILER,"$500,000.00",,3,2,179,APARTAMENTOS,NUEVO
1,Bella Vista,RIVAGE,VENTA,"$360,000.00",,1,2,150,APARTAMENTOS,DE SEGUNDA
2,Calidonia,WATERS ON THE BAY,VENTA,"$690,000.00",,3,3,269,APARTAMENTOS,DE SEGUNDA
2,Calidonia,WHITE,VENTALQUILER,"$280,000.00",,1,1,121,APARTAMENTOS,DE SEGUNDA
1,Bella Vista,MIRAMAR TORRE 2,VENTALQUILER,"$900,000.00",,3,3,375,APARTAMENTOS,NUEVO
2,Calidonia,WHITE,VENTA,"$280,000.00",,2,2,119,APARTAMENTOS,DE SEGUNDA
1,Bella Vista,ARTS & YOO,ALQUILER,"$2,500.00",,1,1,125,APARTAMENTOS,
1,Bella Vista,GRAND BAY TOWER,ALQUILER,"$1,550.00",,1,2,103,APARTAMENTOS,
4,San Francisco,Apartamento JW Marriott,VENTA,"$395,000.00",,1,1,130,APARTAMENTOS,DE SEGUNDA
5,"Punta Pacifica, San francisco",OCEANAIRE,VENTA,"$218,000.00",,1,1,95,APARTAMENTOS,DE SEGUNDA
5,"Punta Pacifica, San francisco",PH Oasis on the Bay,VENTA,"$225,000.00",,2,1,199,APARTAMENTOS,DE SEGUNDA
5,"Punta Pacifica, San francisco",ROYAL PACIFIC,VENTA,"$260,000.00",,3,2,144,APARTAMENTOS,DE SEGUNDA
5,"Punta Pacifica, San francisco",Aquamare 29-B,VENTA,"$850,000.00",,3,3,356,APARTAMENTOS,NUEVO
5,"Punta Pacifica, San francisco",COURTYARD VIEW,VENTA,"$225,000.00",,2,2,160,APARTAMENTOS,DE SEGUNDA
5,"Punta Pacifica, San francisco",AQUALINA,VENTA,"$749,000.00",,3,3,381,APARTAMENTOS,NUEVO
5,"Punta Pacifica, San francisco",DUPONT TOWER,VENTA,"$420,000.00",,2,2,250,APARTAMENTOS,NUEVO
5,"Punta Pacifica, San francisco",MYSTIC POINT,VENTALQUILER,"$450,000.00",,3,3,217,APARTAMENTOS,NUEVO
5,"Punta Pacifica, San francisco",MYSTIC POINT T100,VENTALQUILER,"$315,000.00",,3,3,180,APARTAMENTOS,DE SEGUNDA
5,"Punta Pacifica, San francisco",GRAND TOWER,ALQUILER,"$2,100.00",,2,2,159,APARTAMENTOS,
5,"Punta Pacifica, San francisco",Punta Roca,VENTA,"$1,000,000.00",,4,4,526,APARTAMENTOS,NUEVO
5,"Punta Pacifica, San francisco",COSTA PACIFICA T100,VENTA,"$290,000.00",,2,2,242,APARTAMENTOS,DE SEGUNDA
5,"Punta Pacifica, San francisco",OASIS ON THE BAY,ALQUILER,"$1,400.00",,3,2,240,APARTAMENTOS,
5,"Punta Pacifica, San francisco",MYSTIC POINT,ALQUILER,"$1,400.00",,3,3,250,APARTAMENTOS,
5,"Punta Pacifica, San francisco",VIVE EN PUNTA PACIFICA CON VISTA AL MAR,ALQUILER,"$1,650.00",,3,4,170,APARTAMENTOS,
5,"Punta Pacifica, San francisco",OASIS,VENTA,"$210,000.00",,2,1,99,APARTAMENTOS,DE SEGUNDA
5,"Punta Pacifica, San francisco",Mystic Point 100,ALQUILER,"$1,500.00",,3,3,165,APARTAMENTOS,
5,"Punta Pacifica, San francisco",MYSTIC POINT AMOBLADO Y MALLA PARA NIÑOS,ALQUILER,"$1,600.00",,3,4,180,APARTAMENTOS,
5,"Punta Pacifica, San francisco",AQUALINA,VENTA,"$720,000.00",,4,4,408,APARTAMENTOS,NUEVO
5,"Punta Pacifica, San francisco",COSTA PACIFICA T100,VENTA,"$249,000.00",,3,2,242,APARTAMENTOS,DE SEGUNDA
5,"Punta Pacifica, San francisco",PACIFIC VILLAGE TORRE 2,ALQUILER,"$2,500.00",,3,3,263,APARTAMENTOS,
5,"Punta Pacifica, San francisco",BLUE BAHIA,VENTA,"$895,000.00",,4,5,126,APARTAMENTOS,NUEVO
5,"Punta Pacifica, San francisco",PH DUPONT TOWER,ALQUILER,"$1,450.00",,1,1,208,APARTAMENTOS,
5,"Punta Pacifica, San francisco",BLUE BAHIA,VENTALQUILER,"$579,000.00",,3,3,126,APARTAMENTOS,NUEVO
5,"Punta Pacifica, San francisco",DUPONT TOWER,VENTALQUILER,"$379,000.00",,2,2,126,APARTAMENTOS,DE SEGUNDA
5,"Punta Pacifica, San francisco",PACIFIC SUN,RENTANDO,"$235,000.00",,2,2,279,APARTAMENTOS,
5,"Punta Pacifica, San francisco",APARTAMENTO EN ALQUILER (JWMARRIOT),ALQUILER,"$2,500.00",,2,2,155,APARTAMENTOS,
5,"Punta Pacifica, San francisco",OCEANAIRE,VENTALQUILER,"$290,000.00",,2,2,155,APARTAMENTOS,DE SEGUNDA
5,"Punta Pacifica, San francisco",ALQUILO con 2 ESTAC. | ANTIGUO TRUMP,ALQUILER,"$1,800.00",,1,1,102,APARTAMENTOS,
5,"Punta Pacifica, San francisco",PH Oceanaire,VENTA,"$330,000.00",,2,2,178,APARTAMENTOS,DE SEGUNDA
5,"Punta Pacifica, San francisco",SEMI-AMOBLADO + DEPÓSITO DE 11 METROS,VENTA,"$277,000.00",,2,1,99,APARTAMENTOS,NUEVO
5,"Punta Pacifica, San francisco",AQUALINA,VENTALQUILER,"$636,000.00",,3,3,328,APARTAMENTOS,NUEVO
5,"Punta Pacifica, San francisco",PH OASIS ON THE BAY,ALQUILER,"$1,250.00",,2,2,99,APARTAMENTOS,
5,"Punta Pacifica, San francisco",PACIFIC VILLAGE,ALQUILER,"$3,500.00",,3,3,261,APARTAMENTOS,
5,"Punta Pacifica, San francisco",COSTA PACIFICA T100,VENTALQUILER,"$410,000.00",,3,2,242,APARTAMENTOS,NUEVO
5,"Punta Pacifica, San francisco",COSTA PACIFICA T400,VENTALQUILER,"$385,000.00",,3,3,199,APARTAMENTOS,DE SEGUNDA
5,"Punta Pacifica, San francisco",LOFT FOUR 41,ALQUILER,"$1,400.00",,1,1,163,APARTAMENTOS,
5,"Punta Pacifica, San francisco","BLUE BAHIA, Distinguido ! Impecable !",VENTA,"$599,000.00",,3,3,279,APARTAMENTOS,NUEVO
5,"Punta Pacifica, San francisco",PACIFIC STAR,VENTALQUILER,"$300,000.00",,3,3,180,APARTAMENTOS,DE SEGUNDA
5,"Punta Pacifica, San francisco",PACIFIC POINT TORRE 300,VENTA,"$570,000.00",,3,3,306,APARTAMENTOS,NUEVO
5,"Punta Pacifica, San francisco",ROYAL PACIFIC,ALQUILER,"$1,300.00",,3,2,186,APARTAMENTOS,
5,"Punta Pacifica, San francisco",OCEANAIRE,VENTALQUILER,"$840,000.00",,2,2,321,APARTAMENTOS,NUEVO
5,"Punta Pacifica, San francisco",OCEAN PARK TORRE 1,VENTA,"$550,000.00",,3,3,259,APARTAMENTOS,NUEVO
5,"Punta Pacifica, San francisco",LOFT FOUR 41,VENTA,"$540,000.00",,2,1,483,APARTAMENTOS,NUEVO
5,"Punta Pacifica, San francisco",PACIFIC SUN,ALQUILER,"$1,300.00",,2,2,110,APARTAMENTOS,
5,"Punta Pacifica, San francisco",OCEAN DRIVE,VENTA,"$430,000.00",,3,3,222,APARTAMENTOS,NUEVO
5,"Punta Pacifica, San francisco",COSTA PACIFICA T400,VENTALQUILER,"$360,000.00",,3,3,199,APARTAMENTOS,NUEVO
5,"Punta Pacifica, San francisco",DUPONT TOWER,ALQUILER,"$2,100.00",,2,2,167,APARTAMENTOS,
5,"Punta Pacifica, San francisco",OASIS ON THE BAY,RENTANDO,"$780,000.00",,3,3,299,APARTAMENTOS,
5,"Punta Pacifica, San francisco",OCEAN DRIVE,VENTA,"$460,000.00",,3,3,460,APARTAMENTOS,NUEVO
5,"Punta Pacifica, San francisco",OASIS ON THE BAY,VENTALQUILER,"$220,000.00",,2,1,99,APARTAMENTOS,DE SEGUNDA
5,"Punta Pacifica, San francisco",COSTA PACIFICA TORRE T100,VENTA,"$240,000.00",,3,3,126,APARTAMENTOS,DE SEGUNDA
5,"Punta Pacifica, San francisco",PACIFIC POINT TORRE 300,VENTA,"$720,000.00",,3,4,306,APARTAMENTOS,NUEVO
5,"Punta Pacifica, San francisco",GRAND TOWER,ALQUILER,,,2,2,171,APARTAMENTOS,
5,"Punta Pacifica, San francisco",PACIFIC POINT TORRE 700,VENTALQUILER,"$1,100,000.00",,3,3,389,APARTAMENTOS,NUEVO
5,"Punta Pacifica, San francisco",GRAND TOWER,VENTA,"$345,000.00",,2,2,159,APARTAMENTOS,DE SEGUNDA
5,"Punta Pacifica, San francisco",TRUMP OCEAN CLUB,VENTA,"$515,000.00",,2,2,153,APARTAMENTOS,NUEVO
5,"Punta Pacifica, San francisco",TRUMP OCEAN CLUB,VENTA,"$515,000.00",,2,2,153,APARTAMENTOS,NUEVO
5,"Punta Pacifica, San francisco",OCEAN DRIVE,VENTA,"$575,000.00",,3,3,333,APARTAMENTOS,NUEVO
5,"Punta Pacifica, San francisco",PACIFIC POINT TORRE 700,ALQUILER,"$4,550.00",,3,3,395,APARTAMENTOS,
5,"Punta Pacifica, San francisco",PACIFIC POINT TORRE 200,VENTA,"$1,027,650.00",,3,3,395,APARTAMENTOS,NUEVO
5,"Punta Pacifica, San francisco",PACIFIC VILLAGE TORRE 2,ALQUILER,"$1,700.00",,1,1,167,APARTAMENTOS,
5,"Punta Pacifica, San francisco",TRUMP OCEAN CLUB,VENTALQUILER,"$550,000.00",,2,2,153,APARTAMENTOS,NUEVO
5,"Punta Pacifica, San francisco",COSTA PACIFICA T300,ALQUILER,"$1,950.00",,3,3,183,APARTAMENTOS,
5,"Punta Pacifica, San francisco",OCEAN DRIVE,VENTA,"$460,000.00",,3,3,222,APARTAMENTOS,NUEVO
5,"Punta Pacifica, San francisco",PACIFIC VILLAGE TORRE 2,RENTANDO,"$398,000.00",,2,1,167,APARTAMENTOS,
5,"Punta Pacifica, San francisco",Q TOWER,ALQUILER,"$3,000.00",,3,3,307,APARTAMENTOS,
5,"Punta Pacifica, San francisco",PACIFIC BLUE,VENTA,"$190,000.00",,2,2,88,APARTAMENTOS,DE SEGUNDA
5,"Punta Pacifica, San francisco",ROYAL PACIFIC,VENTALQUILER,"$290,000.00",,3,2,129,APARTAMENTOS,DE SEGUNDA
5,"Punta Pacifica, San francisco",PACIFIC BLUE,ALQUILER,"$1,300.00",,2,2,90,APARTAMENTOS,
5,"Punta Pacifica, San francisco",LOFT FOUR 41,ALQUILER,"$2,000.00",,1,1,167,APARTAMENTOS,
5,"Punta Pacifica, San francisco",COURTYARD VIEW,ALQUILER,"$1,700.00",,2,2,165,APARTAMENTOS,
5,"Punta Pacifica, San francisco",BELLA MARE,ALQUILER,"$9,200.00",,4,4,795,APARTAMENTOS,
5,"Punta Pacifica, San francisco",PACIFIC POINT,VENTA,"$1,095,000.00",,3,4,404,APARTAMENTOS,NUEVO
5,"Punta Pacifica, San francisco",PACIFIC POINT TORRE 300,VENTALQUILER,"$1,050,000.00",,3,3,306,APARTAMENTOS,NUEVO
5,"Punta Pacifica, San francisco",OCEAN PARK TORRE 2,VENTA,"$660,000.00",,4,4,280,APARTAMENTOS,NUEVO
5,"Punta Pacifica, San francisco",PACIFIC SKY,VENTA,"$450,000.00",,2,2,220,APARTAMENTOS,NUEVO
5,"Punta Pacifica, San francisco",GRAND TOWER,VENTA,"$702,975.00",,2,2,251,APARTAMENTOS,NUEVO
5,"Punta Pacifica, San francisco",GRAND TOWER,VENTA,"$460,875.00",,2,2,171,APARTAMENTOS,NUEVO
5,"Punta Pacifica, San francisco",GRAND TOWER,VENTA,"$623,600.00",,2,2,115,APARTAMENTOS,NUEVO
5,"Punta Pacifica, San francisco",Q TOWER,VENTA,"$950,000.00",,4,6,363,APARTAMENTOS,NUEVO
5,"Punta Pacifica, San francisco",AQUAMARE,VENTA,"$1,450,000.00",,3,3,610,APARTAMENTOS,NUEVO
5,"Punta Pacifica, San francisco",DUPONT TOWER,VENTALQUILER,"$1,199,000.00",,3,3,442,APARTAMENTOS,NUEVO
5,"Punta Pacifica, San francisco",AQUAMARE,VENTA,"$1,100,000.00",,3,3,356,APARTAMENTOS,NUEVO
5,"Punta Pacifica, San francisco",AQUAMARE,ALQUILER,"$4,350.00",,3,3,400,APARTAMENTOS,
5,"Punta Pacifica, San francisco",OCEAN PARK TORRE 1,VENTA,"$985,000.00",,4,3,448,APARTAMENTOS,NUEVO
2,Calidonia,RIVAGE,ALQUILER,"$2,000.00",,2,2,177,APARTAMENTOS,
1,Bella Vista,WATERS ON THE BAY,ALQUILER,"$1,700.00",,2,2,123,APARTAMENTOS,
1,Bella Vista,YOO,ALQUILER,"$2,300.00",,2,2,181,APARTAMENTOS,
1,Bella Vista,WHITE,VENTA,"$250,000.00",,2,2,119,APARTAMENTOS,DE SEGUNDA
1,Bella Vista,YACHT CLUB,ALQUILER,"$2,600.00",,3,3,179,APARTAMENTOS,
1,Bella Vista,H2O,VENTA,"$589,000.00",,3,3,405,APARTAMENTOS,DE SEGUNDA
1,Bella Vista,YOO,ALQUILER,"$1,400.00",,1,1,94,APARTAMENTOS,
2,Calidonia,WHITE,VENTA,"$338,000.00",,3,3,169,APARTAMENTOS,DE SEGUNDA
1,Bella Vista,YOO,ALQUILER,"$1,600.00",,1,1,94,APARTAMENTOS,
1,Bella Vista,YOO,ALQUILER,"$2,300.00",,2,2,167,APARTAMENTOS,
2,Calidonia,RIVAGE,VENTA,"$390,000.00",,2,2,177,APARTAMENTOS,DE SEGUNDA
1,Bella Vista,WATERS ON THE BAY,VENTALQUILER,"$370,000.00",,2,2,122,APARTAMENTOS,DE SEGUNDA
2,Calidonia,PRINCESA DEL MAR,RENTANDO,"$650,000.00",,3,3,330,APARTAMENTOS,
2,Calidonia,BAYFRONT,VENTA,"$215,000.00",,1,1,100,APARTAMENTOS,DE SEGUNDA
1,Bella Vista,LA ENSENADA,VENTALQUILER,"$360,000.00",,3,3,194,APARTAMENTOS,DE SEGUNDA
2,Calidonia,RIVAGE,VENTALQUILER,"$550,000.00",,2,2,169,APARTAMENTOS,NUEVO
1,Bella Vista,MIRAMAR TORRE 2,VENTA,"$1,500,000.00",,3,3,750,APARTAMENTOS,NUEVO
2,Calidonia,MIRAMAR PLAZA,VENTA,"$1,500,000.00",,3,4,600,APARTAMENTOS,NUEVO
2,Calidonia,RIVAGE,VENTA,"$950,000.00",,3,3,347,APARTAMENTOS,NUEVO
1,Bella Vista,ARTS & YOO,VENTA,"$1,080,000.00",,3,3,316,APARTAMENTOS,NUEVO
2,Calidonia,SKY,ALQUILER,"$1,650.00",,2,2,129,APARTAMENTOS,
1,Bella Vista,MIRAMAR TORRE 2,ALQUILER,"$3,500.00",,3,3,375,APARTAMENTOS,
1,Bella Vista,YOO,ALQUILER,"$2,300.00",,1,1,125,APARTAMENTOS,
2,Calidonia,ELEMENT,RENTANDO,"$270,000.00",,2,2,105,APARTAMENTOS,
1,Bella Vista,MIRAMAR TORRE 2,VENTA,"$800,000.00",,3,3,375,APARTAMENTOS,NUEVO
1,Bella Vista,YOO,ALQUILER,"$2,100.00",,1,2,133,APARTAMENTOS,
1,Bella Vista,MIRAMAR TORRE 2,VENTA,"$900,000.00",,3,3,375,APARTAMENTOS,NUEVO
1,Bella Vista,WATERS ON THE BAY,VENTALQUILER,"$390,000.00",,2,2,122,APARTAMENTOS,DE SEGUNDA
2,Calidonia,RIVAGE,RENTANDO,"$360,000.00",,1,1,150,APARTAMENTOS,
2,Calidonia,WHITE,RENTANDO,"$330,000.00",,2,2,137,APARTAMENTOS,
1,Bella Vista,YOO,VENTALQUILER,"$650,000.00",,2,2,180,APARTAMENTOS,NUEVO
2,Calidonia,BAYFRONT TOWER,VENTA,"$220,000.00",,1,1,87,APARTAMENTOS,DE SEGUNDA
1,Bella Vista,YOO,VENTA,"$295,000.00",,1,1,94,APARTAMENTOS,DE SEGUNDA
1,Bella Vista,VISTA DEL MAR,RENTANDO,"$250,000.00",,1,1,113,APARTAMENTOS,
1,Bella Vista,YOO,VENTA,"$550,000.00",,2,2,176,APARTAMENTOS,NUEVO
2,Calidonia,YACHT CLUB,VENTA,"$420,000.00",,2,2,152,APARTAMENTOS,NUEVO
1,Bella Vista,CONDESA DEL MAR,ALQUILER,"$3,900.00",,3,3,422,APARTAMENTOS,
2,Calidonia,YACHT CLUB,VENTALQUILER,"$500,000.00",,3,2,179,APARTAMENTOS,NUEVO
2,Calidonia,RIVAGE,VENTA,"$360,000.00",,1,2,150,APARTAMENTOS,DE SEGUNDA
1,Bella Vista,WATERS ON THE BAY,VENTA,"$690,000.00",,3,3,269,APARTAMENTOS,NUEVO
2,Calidonia,WHITE,VENTALQUILER,"$280,000.00",,1,1,121,APARTAMENTOS,DE SEGUNDA
1,Bella Vista,MIRAMAR TORRE 2,VENTALQUILER,"$900,000.00",,3,3,375,APARTAMENTOS,NUEVO
2,Calidonia,WHITE,VENTA,"$280,000.00",,2,2,119,APARTAMENTOS,DE SEGUNDA
1,Bella Vista,ARTS & YOO,ALQUILER,"$2,500.00",,1,1,125,APARTAMENTOS,
1,Bella Vista,GRAND BAY TOWER,ALQUILER,"$1,550.00",,1,2,103,APARTAMENTOS,
6,"Obarrio, Bella Vista",PH BRISAS OBARRIO,VENTA,"$240,000.00",,3,3,173,APARTAMENTOS,DE SEGUNDA
6,"Obarrio, Bella Vista",PARK CITY,ALQUILER,"$1,500.00",,2,2,117,APARTAMENTOS,
6,"Obarrio, Bella Vista",RIVER PARK,VENTA,"$240,000.00",,3,2,131,APARTAMENTOS,DE SEGUNDA
6,"Obarrio, Bella Vista",Vendo ganga apto amueblado Obarrio,VENTA,"$230,000.00",,3,3,150,APARTAMENTOS,DE SEGUNDA
6,"Obarrio, Bella Vista",PH THE ONE 17A,ALQUILER,"$1,600.00",,3,3,154,APARTAMENTOS,
6,"Obarrio, Bella Vista","CASA EN OBARRIO PARA REMODELAR $ 400,000",VENTA,"$400,000.00",,3,4,170,CASAS,NUEVO
6,"Obarrio, Bella Vista",EXCELENTE APARTAMENTO EN OBARRIO,VENTA,"$275,000.00",,2,3,135,APARTAMENTOS,DE SEGUNDA
6,"Obarrio, Bella Vista",PH Denovo,VENTA,"$205,000.00",,2,2,110,APARTAMENTOS,DE SEGUNDA
6,"Obarrio, Bella Vista",CASA EN OBARRIO,ALQUILER,"$2,900.00",,4,2,514,CASAS,
6,"Obarrio, Bella Vista",SOPHIA TOWER,VENTA,"$355,000.00",,3,3,188,APARTAMENTOS,DE SEGUNDA
6,"Obarrio, Bella Vista",BAHIA OBARRIO,ALQUILER,"$1,950.00",,3,3,181,APARTAMENTOS,
6,"Obarrio, Bella Vista",RIVER PARK,ALQUILER,"$1,600.00",,3,2,131,APARTAMENTOS,
6,"Obarrio, Bella Vista",CASA EN OBARRIO,VENTA,"$750,000.00",,3,3,292,CASAS,NUEVO
6,"Obarrio, Bella Vista",TERRAZAS DE OBARRIO,ALQUILER,"$1,500.00",,3,2,197,APARTAMENTOS,
6,"Obarrio, Bella Vista",VISTA PACIFICA,ALQUILER,"$1,700.00",,3,3,190,APARTAMENTOS,
6,"Obarrio, Bella Vista",SOPHIA TOWER,VENTA,"$375,000.00",,3,3,188,APARTAMENTOS,DE SEGUNDA
6,"Obarrio, Bella Vista",MILLENIUM,ALQUILER,"$1,650.00",,3,2,177,APARTAMENTOS,
1,Bella Vista,THE PALM,VENTALQUILER,"$382,812.00",,3,3,166,APARTAMENTOS,DE SEGUNDA
1,Bella Vista,THE PALM,RENTANDO,"$378,718.00",,3,3,165,APARTAMENTOS,
1,Bella Vista,THE PALM,VENTALQUILER,"$383,456.00",,3,3,167,APARTAMENTOS,DE SEGUNDA
1,Bella Vista,VILLAS OBARRIO,ALQUILER,"$1,300.00",,2,2,115,APARTAMENTOS,
1,Bella Vista,RIVER PARK,ALQUILER,"$2,000.00",,3,2,128,APARTAMENTOS,
1,Bella Vista,RIVER PARK,ALQUILER,"$2,000.00",,3,2,131,APARTAMENTOS,
1,Bella Vista,RIVER PARK,VENTA,"$325,000.00",,2,2,131,APARTAMENTOS,DE SEGUNDA
1,Bella Vista,Apartamento en Yacht Club,VENTA,"$261,670.00",,1,1,166,APARTAMENTOS,DE SEGUNDA
1,Bella Vista,ESCUCHAMOS OFERTAS ¡PRECIO NEGOCIABLE!,VENTA,"$270,000.00",,2,2,108,APARTAMENTOS,DE SEGUNDA
1,Bella Vista,THE SEAWAVES,VENTA,"$220,000.00",,3,2,125,APARTAMENTOS,DE SEGUNDA
1,Bella Vista,CERROMAR,VENTA,"$470,000.00",,4,4,331,APARTAMENTOS,NUEVO
1,Bella Vista,LAS PALMERAS,ALQUILER,"$1,950.00",,4,3,282,APARTAMENTOS,
1,Bella Vista,Apartamento en PH Marina Park,VENTA,"$390,000.00",,3,3,204,APARTAMENTOS,DE SEGUNDA
1,Bella Vista,Allure At The Park,ALQUILER,"$1,600.00",,2,2,175,APARTAMENTOS,
1,Bella Vista,Miramar 36-B,VENTA,"$690,000.00",,3,3,375,APARTAMENTOS,NUEVO
1,Bella Vista,SE VENDE APARTAMENTO EN PH ALLURE,VENTA,"$550,000.00",,3,3,287,APARTAMENTOS,NUEVO
1,Bella Vista,MEGAPOLIS PISO ALTO | EVALUAMOS OFERTAS,VENTA,"$101,000.00",,1,1,43,APARTAMENTOS,DE SEGUNDA
1,Bella Vista,ph h2o on the ocean,VENTALQUILER,"$485,000.00",,4,3,280,APARTAMENTOS,NUEVO
1,Bella Vista,INIGUALABLE MODELO F – AHORA NEGOCIABLE,ALQUILER,"$2,100.00",,1,1,135,APARTAMENTOS,
1,Bella Vista,THE SEAWAVE,ALQUILER,$900.00,,2,3,100,APARTAMENTOS,
1,Bella Vista,Torres del Pacifico Torre B,VENTA,"$300,000.00",,3,3,180,APARTAMENTOS,DE SEGUNDA
12,Cinta Costera,NUOVO PANAMA con 4 ESTACIONAMIENTOS,VENTA,"$390,000.00",,2,3,101,APARTAMENTOS,DE SEGUNDA
12,Cinta Costera,NUOVO PANAMA con 2 ESTACIONAMIENTOS,VENTA,"$330,000.00",,2,3,94,APARTAMENTOS,DE SEGUNDA
1,Bella Vista,Apartamento en venta PH Rivage 29-B,VENTA,"$275,000.00",,2,2,150,APARTAMENTOS,DE SEGUNDA
12,Cinta Costera,NUOVO PANAMA A PASOS DE LA CINTA COSTERA,VENTA,"$299,000.00",,2,3,94,APARTAMENTOS,DE SEGUNDA
1,Bella Vista,ROR,VENTA,"$298,000.00",,3,3,239,APARTAMENTOS,DE SEGUNDA
1,Bella Vista,MARINA PARK,RENTANDO,"$390,000.00",,3,3,204,APARTAMENTOS,
1,Bella Vista,MARINA PARK,RENTANDO,"$390,000.00",,3,3,210,APARTAMENTOS,
1,Bella Vista,CASA COMERCIAL EN BELLA VISTA,VENTALQUILER,"$1,080,000.00",,6,6,720,CASAS,NUEVO
1,Bella Vista,"P.H BELLA VISTA PARK,",VENTALQUILER,"$297,500.00",,2,2,160,APARTAMENTOS,DE SEGUNDA
1,Bella Vista,PH BELLA VISTA PARK,VENTA,"$290,000.00",,2,2,132,APARTAMENTOS,DE SEGUNDA
1,Bella Vista,ROR,VENTA,"$330,000.00",,3,3,228,APARTAMENTOS,DE SEGUNDA
1,Bella Vista,ROR,VENTA,"$398,000.00",,2,2,228,APARTAMENTOS,DE SEGUNDA
1,Bella Vista,PARQUE MARBELLA,ALQUILER,"$1,400.00",,2,2,125,APARTAMENTOS,
1,Bella Vista,BELLE VIEW,VENTA,"$315,000.00",,3,2,125,APARTAMENTOS,DE SEGUNDA
1,Bella Vista,HOSTAL EN BELLA VISTA,ALQUILER,"$8,200.00",,,,688,CASAS,
1,Bella Vista,Parkside Costa del Este,VENTALQUILER,"$320,000.00","$1,300.00",1,1,96,APARTAMENTOS,DE SEGUNDA
7,Costa del Este,MAREA II,VENTA,"$2,216,700.00",,4,4,718,APARTAMENTOS,NUEVO
1,Bella Vista,COSTA SERENA,VENTALQUILER,"$1,100,000.00","$4,000.00",3,5,550,CASAS,NUEVO
7,Costa del Este,Castellammare Loft,VENTA,"$280,000.00",,2,2,113,APARTAMENTOS,DE SEGUNDA
7,Costa del Este,SOL DEL ESTE TORRE 2,RENTANDO,"$255,000.00","$1,200.00",3,3,147,APARTAMENTOS,
7,Costa del Este,Sol del Este,VENTA,"$260,000.00",,3,3,147,APARTAMENTOS,DE SEGUNDA
7,Costa del Este,COSTA SERENA,VENTA,"$790,000.00",,4,4,420,CASAS,NUEVO
7,Costa del Este,Costa Dorada #82,VENTA,"$650,000.00",,3,3,380,CASAS,NUEVO
7,Costa del Este,"Costa del Este, COSTA SERENA",VENTA,"$1,023,000.00",,3,3,500,CASAS,NUEVO
7,Costa del Este,COSTA AZUL,VENTALQUILER,"$850,000.00","$3,500.00",4,3,247,CASAS,NUEVO
7,Costa del Este,Costa Serena,VENTALQUILER,"$880,000.00","$4,000.00",4,4,462,CASAS,NUEVO
7,Costa del Este,OCEAN ONE,VENTA,"$620,000.00",,4,4,330,APARTAMENTOS,NUEVO
7,Costa del Este,Antigua,ALQUILER,"$4,500.00",,3,3,450,CASAS,
7,Costa del Este,Green Bay III 22B,VENTA,"$165,000.00",,3,2,114,APARTAMENTOS,DE SEGUNDA
7,Costa del Este,COSTA SERENA,VENTA,"$850,000.00",,3,3,360,CASAS,NUEVO
7,Costa del Este,COSTA BAY,VENTA,"$790,000.00",,3,3,414,CASAS,NUEVO
7,Costa del Este,RIVERSIDE,VENTA,"$294,000.00",,1,2,101,APARTAMENTOS,DE SEGUNDA
7,Costa del Este,BALMORAL,VENTA,"$2,500,000.00",,4,4,767,CASAS,NUEVO
7,Costa del Este,CAMELIAS,VENTA,"$1,500,000.00",,3,3,655,CASAS,NUEVO
7,Costa del Este,BEGONIAS,VENTA,"$1,750,000.00",,6,6,900,CASAS,NUEVO
7,Costa del Este,PH ALTAMAR DEL ESTE,VENTALQUILER,"$699,000.00","$2,600.00",3,3,317,APARTAMENTOS,NUEVO
7,Costa del Este,PH RIVERSIDE EN ALQUILER O VENTA,VENTALQUILER,"$340,000.00","$1,600.00",1,2,105,APARTAMENTOS,DE SEGUNDA
7,Costa del Este,Costa Bella,ALQUILER,"$2,800.00",,3,4,445,CASAS,
7,Costa del Este,COSTA BELLA RESIDENCIA EN VENTA,VENTA,"$740,000.00",,3,4,360,CASAS,NUEVO
7,Costa del Este,PH LUMIERE T200 28C,ALQUILER,"$1,300.00",,2,2,102,APARTAMENTOS,
7,Costa del Este,MAREA II,VENTA,"$2,000,000.00",,4,4,718,APARTAMENTOS,NUEVO
7,Costa del Este,PH VITRI TOWER,VENTALQUILER,"$1,300,000.00","$5,500.00",4,4,525,APARTAMENTOS,NUEVO
7,Costa del Este,SOHO TOWER IMPECABLE,VENTALQUILER,"$450,000.00","$2,300.00",3,3,207,APARTAMENTOS,NUEVO
7,Costa del Este,COUNTRY CLUB,VENTALQUILER,"$370,000.00","$1,500.00",3,3,204,APARTAMENTOS,DE SEGUNDA
7,Costa del Este,PH SEVILLA T0RRE 1000,VENTA,"$239,000.00",,2,2,110,APARTAMENTOS,DE SEGUNDA
7,Costa del Este,PH PARKSIDE,ALQUILER,"$1,800.00",,2,2,125,APARTAMENTOS,
7,Costa del Este,PH Vitri,ALQUILER,"$3,700.00",,4,4,387,APARTAMENTOS,
7,Costa del Este,TORRE ZEUS,VENTA,"$706,200.00",,3,3,372,APARTAMENTOS,NUEVO
7,Costa del Este,COSTA SERENA,VENTA,"$1,050,000.00",,5,5,520,CASAS,NUEVO
7,Costa del Este,PARQUE DEL MAR I,VENTA,"$365,000.00",,3,3,202,APARTAMENTOS,DE SEGUNDA
7,Costa del Este,TEN TOWER,RENTANDO,"$886,000.00",,3,3,419,APARTAMENTOS,
7,Costa del Este,TOSCANA DEL ESTE,VENTA,"$1,800,000.00",,4,4,500,CASAS,NUEVO
7,Costa del Este,ROYAL PACIFIC,VENTALQUILER,"$1,350,000.00","$6,500.00",5,4,575,CASAS,NUEVO
7,Costa del Este,OCEAN TWO,VENTA,"$875,000.00",,4,4,410,APARTAMENTOS,NUEVO
7,Costa del Este,PH Breeze,VENTA,"$450,000.00",,3,3,238,APARTAMENTOS,NUEVO
7,Costa del Este,PH MAREA,VENTALQUILER,"$1,785,000.00","$6,500.00",4,4,626,APARTAMENTOS,NUEVO
7,Costa del Este,PH VITRI TOWER,ALQUILER,"$3,900.00",,4,4,386,APARTAMENTOS,
7,Costa del Este,OCEAN TWO,VENTA,"$749,000.00",,3,3,415,APARTAMENTOS,NUEVO
7,Costa del Este,Sol del Este 19A,VENTALQUILER,"$260,000.00","$1,400.00",3,3,147,APARTAMENTOS,DE SEGUNDA
7,Costa del Este,PH MAREA,VENTA,"$1,550,000.00",,4,4,626,APARTAMENTOS,NUEVO
7,Costa del Este,PH PARQUE DEL MAR LINDA VISTA AL PARQUE,VENTA,"$359,900.00",,3,3,202,APARTAMENTOS,DE SEGUNDA
7,Costa del Este,OCEAN TWO,VENTA,"$675,000.00",,3,3,303,APARTAMENTOS,DE SEGUNDA
7,Costa del Este,PANAMA BAY TOWER,VENTALQUILER,"$660,000.00","$4,250.00",3,3,338,APARTAMENTOS,NUEVO
7,Costa del Este,VITRI TOWER,VENTALQUILER,"$956,228.00","$4,850.00",3,3,368,APARTAMENTOS,NUEVO
7,Costa del Este,BAYSIDE,ALQUILER,"$3,300.00",,3,3,294,APARTAMENTOS,
7,Costa del Este,BAYSIDE,ALQUILER,"$2,990.00",,3,3,294,APARTAMENTOS,
7,Costa del Este,GREEN BAY COSTA DEL ESTE,VENTA,"$180,000.00",,3,2,125,APARTAMENTOS,DE SEGUNDA
7,Costa del Este,Ocean Two,VENTALQUILER,"$625,000.00","$2,800.00",3,3,303,APARTAMENTOS,NUEVO
7,Costa del Este,Panama Bay Tower,ALQUILER,"$2,500.00",,3,3,339,APARTAMENTOS,
7,Costa del Este,Riverside,VENTALQUILER,"$330,000.00","$1,800.00",2,2,142,APARTAMENTOS,DE SEGUNDA
7,Costa del Este,Penthouse Breeze Costa del Este,VENTA,"$1,200,000.00",,4,5,443,APARTAMENTOS,NUEVO
7,Costa del Este,TEN TOWER,VENTA,"$895,000.00",,3,3,432,APARTAMENTOS,NUEVO
7,Costa del Este,COSTA REAL TOWER,ALQUILER,"$1,900.00",,3,3,222,APARTAMENTOS,
7,Costa del Este,Casa,VENTA,"$700,000.00",,3,3,313,CASAS,NUEVO
7,Costa del Este,SOHO TOWER AMOBLADO,ALQUILER,"$2,300.00",,3,3,207,APARTAMENTOS,
7,Costa del Este,Parque del Mar,VENTALQUILER,"$380,000.00","$1,750.00",3,3,202,APARTAMENTOS,DE SEGUNDA
8,"Costa del Este,Juan Díaz",PH – Pearl At The Sea,VENTA,"$695,000.00",,3,3,291,APARTAMENTOS,NUEVO
8,"Costa del Este,Juan Díaz",PARKSIDE,VENTA,"$300,000.00",,1,1,96,APARTAMENTOS,DE SEGUNDA
8,"Costa del Este,Juan Díaz",Sevilla,VENTALQUILER,"$220,000.00","$1,200.00",2,2,110,APARTAMENTOS,DE SEGUNDA
8,"Costa del Este,Juan Díaz",LATITUDE,VENTA,"$485,000.00",,3,3,210,APARTAMENTOS,NUEVO
8,"Costa del Este,Juan Díaz",Acqua II,ALQUILER,"$3,500.00",,3,5,348,APARTAMENTOS,
8,"Costa del Este,Juan Díaz",PH TITANIUM,VENTA,"$475,000.00",,3,3,226,APARTAMENTOS,NUEVO
8,"Costa del Este,Juan Díaz",Royal Pacific,VENTA,"$1,350,000.00",,4,4,561,CASAS,NUEVO
8,"Costa del Este,Juan Díaz",MURANO,VENTA,"$700,000.00",,3,3,290,APARTAMENTOS,NUEVO
8,"Costa del Este,Juan Díaz",TEN TOWER,VENTA,"$925,000.00",,3,3,424,APARTAMENTOS,NUEVO
8,"Costa del Este,Juan Díaz",COSTA DEL ESTE COUNTRY CLUB,RENTANDO,"$389,000.00","$1,400.00",3,3,204,APARTAMENTOS,
8,"Costa del Este,Juan Díaz",TOSCANA DEL ESTE,VENTA,"$2,200,000.00",,4,4,650,CASAS,NUEVO
8,"Costa del Este,Juan Díaz",BALMORAL,VENTA,"$3,200,000.00",,5,8,850,CASAS,NUEVO
8,"Costa del Este,Juan Díaz",THE REGENT COUNTRY CLUB,VENTA,"$315,000.00",,2,2,106,APARTAMENTOS,DE SEGUNDA
8,"Costa del Este,Juan Díaz",THE REGENT COUNTRY CLUB,VENTA,"$280,000.00",,2,2,96,APARTAMENTOS,DE SEGUNDA
8,"Costa del Este,Juan Díaz",RIVERSIDE,RENTANDO,"$325,000.00",,2,2,130,APARTAMENTOS,
8,"Costa del Este,Juan Díaz",MAREA II,VENTA,"$2,221,700.00",,4,4,718,APARTAMENTOS,NUEVO
8,"Costa del Este,Juan Díaz",MAREA II,VENTA,"$2,206,700.00",,4,4,718,APARTAMENTOS,NUEVO
8,"Costa del Este,Juan Díaz",MAREA II,VENTA,"$2,191,700.00",,4,4,718,APARTAMENTOS,NUEVO
8,"Costa del Este,Juan Díaz",THE REGENT COSTA DEL ESTE,ALQUILER,"$1,950.00",,3,3,202,APARTAMENTOS,
8,"Costa del Este,Juan Díaz",MAREA I,VENTA,"$2,000,000.00",,4,4,680,APARTAMENTOS,NUEVO
8,"Costa del Este,Juan Díaz",CASTELLAMARE,ALQUILER,"$1,600.00",,2,2,137,APARTAMENTOS,
8,"Costa del Este,Juan Díaz",PALMERAS DEL ESTE,VENTA,"$889,000.00",,3,3,368,CASAS,NUEVO
8,"Costa del Este,Juan Díaz",TEN TOWER,ALQUILER,"$4,500.00",,3,3,419,APARTAMENTOS,
8,"Costa del Este,Juan Díaz",ACQUA I,VENTA,"$915,000.00",,3,3,325,APARTAMENTOS,NUEVO
8,"Costa del Este,Juan Díaz",MAREA II,VENTA,"$2,389,000.00",,4,4,1145,APARTAMENTOS,NUEVO
11,"Costa del Este,Parque Lefevre",BREEZE,ALQUILER,"$2,300.00",,3,3,239,APARTAMENTOS,
8,"Costa del Este,Juan Díaz",PARAMOUNT,ALQUILER,,,3,3,323,APARTAMENTOS,
8,"Costa del Este,Juan Díaz",COSTA DEL ESTE COUNTRY CLUB,ALQUILER,"$1,900.00",,3,3,204,APARTAMENTOS,
8,"Costa del Este,Juan Díaz",ACQUA I,VENTA,"$1,040,000.00",,3,3,325,APARTAMENTOS,NUEVO
8,"Costa del Este,Juan Díaz",TOP TOWERS,VENTA,"$245,000.00",,2,2,119,APARTAMENTOS,DE SEGUNDA
8,"Costa del Este,Juan Díaz",TITANIUM,VENTA,"$550,000.00",,3,3,223,APARTAMENTOS,NUEVO
8,"Costa del Este,Juan Díaz",PARQUE DEL MAR I,VENTA,"$470,000.00",,3,3,202,APARTAMENTOS,NUEVO
8,"Costa del Este,Juan Díaz",PANAMA BAY,ALQUILER,"$3,000.00",,3,3,338,APARTAMENTOS,
11,"Costa del Este,Parque Lefevre",MAGNOLIAS,VENTA,"$1,595,000.00",,4,4,807,CASAS,NUEVO
8,"Costa del Este,Juan Díaz",COSTA VIEW,VENTA,"$285,000.00",,3,2,164,APARTAMENTOS,NUEVO
8,"Costa del Este,Juan Díaz",MURANO,VENTA,"$790,000.00",,3,3,323,APARTAMENTOS,NUEVO
8,"Costa del Este,Juan Díaz",COSTA DE LAS PERLAS,VENTALQUILER,"$1,400,000.00","$4,500.00",4,4,580,CASAS,NUEVO
8,"Costa del Este,Juan Díaz",SEVILLA,ALQUILER,"$1,600.00",,3,3,188,APARTAMENTOS,
8,"Costa del Este,Juan Díaz",SOL DEL ESTE TORRE 2,RENTANDO,"$290,000.00","$1,500.00",3,3,147,APARTAMENTOS,
8,"Costa del Este,Juan Díaz",GREEN BAY TORRE 4,RENTANDO,"$400,000.00","$1,800.00",4,3,163,APARTAMENTOS,
8,"Costa del Este,Juan Díaz",TOP TOWERS,VENTA,"$270,000.00",,2,2,113,APARTAMENTOS,DE SEGUNDA
8,"Costa del Este,Juan Díaz",MAGNOLIAS,VENTA,"$2,500,000.00",,4,5,1100,CASAS,NUEVO
8,"Costa del Este,Juan Díaz",COSTA AZUL,VENTALQUILER,"$1,300,000.00","$5,000.00",4,4,467,CASAS,NUEVO
8,"Costa del Este,Juan Díaz",BEGONIAS,VENTA,"$1,500,000.00",,4,4,570,CASAS,NUEVO
8,"Costa del Este,Juan Díaz",BALMORAL,VENTA,"$2,450,000.00",,4,5,803,CASAS,NUEVO
8,"Costa del Este,Juan Díaz",VERTIKAL,VENTALQUILER,"$400,000.00","$2,000.00",3,3,172,APARTAMENTOS,NUEVO
8,"Costa del Este,Juan Díaz",TITANIUM,VENTA,"$950,000.00",,3,3,374,APARTAMENTOS,NUEVO
8,"Costa del Este,Juan Díaz",TITANIUM,RENTANDO,"$585,000.00","$2,250.00",3,3,226,APARTAMENTOS,
8,"Costa del Este,Juan Díaz",PARAMOUNT,ALQUILER,"$3,900.00",,3,4,323,APARTAMENTOS,
8,"Costa del Este,Juan Díaz",PEARL AT THE SEA,ALQUILER,"$3,400.00",,3,3,292,APARTAMENTOS,
8,"Costa del Este,Juan Díaz",ACQUA II,VENTA,"$1,100,000.00",,3,3,345,APARTAMENTOS,NUEVO
8,"Costa del Este,Juan Díaz",BREEZE,VENTA,"$510,000.00",,3,3,217,APARTAMENTOS,NUEVO
8,"Costa del Este,Juan Díaz",TITANIUM,RENTANDO,"$670,000.00","$2,400.00",3,3,234,APARTAMENTOS,
8,"Costa del Este,Juan Díaz",TITANIUM,RENTANDO,"$650,000.00","$2,500.00",3,3,226,APARTAMENTOS,
8,"Costa del Este,Juan Díaz",SOL DEL ESTE TORRE 1,VENTA,"$310,000.00","$1,600.00",3,3,147,APARTAMENTOS,DE SEGUNDA
8,"Costa del Este,Juan Díaz",SEVILLA,VENTA,"$310,000.00","$1,700.00",3,2,155,APARTAMENTOS,NUEVO
8,"Costa del Este,Juan Díaz",MAGNOLIAS,VENTA,"$3,825,000.00",,5,5,1200,CASAS,NUEVO
8,"Costa del Este,Juan Díaz",PARAMOUNT,ALQUILER,"$3,800.00",,3,3,313,APARTAMENTOS,
8,"Costa del Este,Juan Díaz",PALMERAS DEL ESTE,VENTA,"$1,075,000.00",,4,3,378,CASAS,NUEVO
8,"Costa del Este,Juan Díaz",PEARL AT THE SEA,VENTA,"$760,000.00",,3,3,292,APARTAMENTOS,NUEVO
8,"Costa del Este,Juan Díaz",BREEZE,VENTA,"$520,000.00",,3,3,217,APARTAMENTOS,NUEVO
8,"Costa del Este,Juan Díaz",ELEVATION,VENTA,"$400,000.00",,3,3,185,APARTAMENTOS,NUEVO
8,"Costa del Este,Juan Díaz",COSTA DEL ESTE COUNTRY CLUB T100,VENTA,"$470,000.00",,3,3,204,APARTAMENTOS,NUEVO
8,"Costa del Este,Juan Díaz",SOL DEL ESTE TORRE 2,VENTA,"$310,000.00","$1,600.00",3,3,147,APARTAMENTOS,DE SEGUNDA
8,"Costa del Este,Juan Díaz",PARQUE DEL MAR I,VENTA,"$530,000.00",,3,3,202,APARTAMENTOS,NUEVO
8,"Costa del Este,Juan Díaz",SOL DEL ESTE TORRE 2,ALQUILER,"$1,900.00",,3,3,147,APARTAMENTOS,
8,"Costa del Este,Juan Díaz",PARQUE DEL MAR I,VENTA,"$500,000.00",,3,3,202,APARTAMENTOS,NUEVO
9,"SANTA MARIA,Juan Díaz",ACQUA II,VENTA,"$1,200,000.00",,3,3,345,APARTAMENTOS,NUEVO
9,"SANTA MARIA,Juan Díaz",Greenview 3201,ALQUILER,"$2,500.00",,3,3,235,APARTAMENTOS,
9,"SANTA MARIA,Juan Díaz",PH PRIVILEDGE,VENTALQUILER,"$700,000.00",,3,3,235,APARTAMENTOS,
9,"SANTA MARIA,Juan Díaz",THE HERITAGE,VENTA,"$2,100,000.00",,4,4,640,APARTAMENTOS,NUEVO
9,"SANTA MARIA,Juan Díaz",THE RESERVE T300,VENTALQUILER,"$1,249,000.00",,4,4,416,APARTAMENTOS,NUEVO
9,"SANTA MARIA,Juan Díaz",THE RESERVE T300,VENTA,"$750,000.00",,4,5,296,APARTAMENTOS,NUEVO
9,"SANTA MARIA,Juan Díaz",BUENAVISTA RESIDENCES,ALQUILER,"$4,500.00",,3,3,400,APARTAMENTOS,
9,"SANTA MARIA,Juan Díaz",BUENAVISTA RESIDENCES,VENTA,"$1,199,000.00",,3,3,400,APARTAMENTOS,NUEVO
9,"SANTA MARIA,Juan Díaz",LA VISTA ON THE GREEN,VENTA,"$1,700,000.00",,3,3,572,APARTAMENTOS,NUEVO
9,"SANTA MARIA,Juan Díaz",LA VISTA ON THE GREEN,VENTA,"$875,000.00",,3,3,336,APARTAMENTOS,NUEVO
9,"SANTA MARIA,Juan Díaz",THE RESERVE T300,VENTA,"$690,000.00",,4,4,296,APARTAMENTOS,NUEVO
9,"SANTA MARIA,Juan Díaz",The Reserve Santa Maria Torre legacy 400,ALQUILER,"$3,000.00",,4,4,270,APARTAMENTOS,
9,"SANTA MARIA,Juan Díaz",PH Heritage,ALQUILER,"$8,000.00",,4,4,612,APARTAMENTOS,
9,"SANTA MARIA,Juan Díaz",GREENVIEW,ALQUILER,"$2,500.00",,3,3,215,APARTAMENTOS,
9,"SANTA MARIA,Juan Díaz",VALERY POINT,VENTA,"$1,158,795.00",,3,3,351,APARTAMENTOS,NUEVO
10,"MARBELLA,Bella Vista",THE HERITAGE,VENTA,"$3,198,050.00",,3,3,640,APARTAMENTOS,NUEVO
10,"MARBELLA,Bella Vista",EBBELLE,VENTALQUILER,"$260,000.00","$1,500.00",3,3,158,APARTAMENTOS,DE SEGUNDA
10,"MARBELLA,Bella Vista",SOL MARINA REMODELADO – 242M2,VENTA,"$399,000.00",,3,3,242,APARTAMENTOS,DE SEGUNDA
10,"MARBELLA,Bella Vista",Marbella Tower,VENTA,"$265,000.00","$1,350.00",3,3,186,APARTAMENTOS,
10,"MARBELLA,Bella Vista",Torre Ebbelle I,ALQUILER,"$1,275.00",,3,3,167,APARTAMENTOS,
10,"MARBELLA,Bella Vista",Alquiler Marbella 3beds/3baths amoblado.,ALQUILER,"$1,150.00",,3,3,135,APARTAMENTOS,
10,"MARBELLA,Bella Vista",PH Girasol,VENTA,"$225,000.00",,3,2,168,APARTAMENTOS,DE SEGUNDA
10,"MARBELLA,Bella Vista",MARABIERTO,ALQUILER,"$2,000.00",,3,3,264,APARTAMENTOS,
10,"MARBELLA,Bella Vista","Apartamento en Marbella, Ph Alfil",VENTA,"$225,000.00",,3,3,174,APARTAMENTOS,DE SEGUNDA
10,"MARBELLA,Bella Vista",PH LOS DELFINES APT 36,VENTALQUILER,"$760,000.00","$4,500.00",4,4,560,APARTAMENTOS,NUEVO
10,"MARBELLA,Bella Vista",Grand Bay 2 recámaras,VENTA,"$225,000.00",,2,2,97,APARTAMENTOS,DE SEGUNDA
10,"MARBELLA,Bella Vista",BAHIA ESMERALDA,VENTA,"$910,000.00",,4,4,497,APARTAMENTOS,NUEVO
10,"MARBELLA,Bella Vista",Luxury apartment in Yoo Panama,VENTA,"$359,000.00",,1,1,121,APARTAMENTOS,DE SEGUNDA
1,Bella Vista,TORRE MARBELLA,VENTA,"$285,000.00",,3,3,187,APARTAMENTOS,DE SEGUNDA
1,Bella Vista,BAHIA ESMERALDA,VENTA,"$418,500.00",,3,3,245,APARTAMENTOS,NUEVO
1,Bella Vista,BAHIA ESMERALDA,VENTALQUILER,"$458,000.00","$2,350.00",3,3,246,APARTAMENTOS,NUEVO
1,Bella Vista,MARBELLA TOWER II,ALQUILER,"$1,450.00",,3,3,213,APARTAMENTOS,
1,Bella Vista,RIO MAR,VENTA,"$260,000.00",,3,2,215,APARTAMENTOS,DE SEGUNDA
1,Bella Vista,BRISAS MARBELLA,ALQUILER,"$1,900.00",,3,3,212,APARTAMENTOS,
1,Bella Vista,COSTA DEL MAR,VENTA,"$350,000.00",,3,3,241,APARTAMENTOS,DE SEGUNDA
1,Bella Vista,MARBELLA TOWER 1,ALQUILER,"$1,500.00",,2,2,138,APARTAMENTOS,
1,Bella Vista,MARBELLA 47,VENTA,"$515,000.00",,3,3,195,APARTAMENTOS,NUEVO
1,Bella Vista,CORAL REEF,ALQUILER,"$1,400.00",,1,1,90,APARTAMENTOS,
1,Bella Vista,MARBELLA TOWER II,VENTALQUILER,"$288,000.00","$1,900.00",3,3,213,APARTAMENTOS,DE SEGUNDA
1,Bella Vista,CASA COMERCIAL EN MARBELLA,RENTANDO,"$1,650,000.00","$5,500.00",10,9,583,CASAS,
4,San Francisco,MARBELLA TOWER II,VENTA,"$420,000.00",,3,4,213,APARTAMENTOS,NUEVO
4,San Francisco,PANAMAR,VENTA,"$690,000.00",,3,3,378,APARTAMENTOS,NUEVO
4,San Francisco,ICON TOWER,VENTA,"$315,000.00",,3,3,160,APARTAMENTOS,DE SEGUNDA
4,San Francisco,SOBRE LAS ROCAS,VENTALQUILER,"$695,000.00","$2,450.00",3,3,575,APARTAMENTOS,NUEVO
4,San Francisco,PUNTARENAS,VENTALQUILER,"$670,000.00","$2,900.00",3,2,338,APARTAMENTOS,NUEVO
4,San Francisco,Panamar Apt 2 A,VENTA,"$625,000.00",,3,3,378,APARTAMENTOS,NUEVO
4,San Francisco,SANTORINI,VENTALQUILER,"$970,000.00","$4,000.00",3,3,536,APARTAMENTOS,NUEVO
4,San Francisco,OCEAN SKY,ALQUILER,"$1,600.00",,2,1,146,APARTAMENTOS,
4,San Francisco,P.H. OCEAN SKY EN VENTA PISO COMPLETO,VENTA,"$650,000.00",,3,3,347,APARTAMENTOS,NUEVO
4,San Francisco,OCEAN SKY,VENTA,"$1,500,000.00","$5,500.00",3,3,500,APARTAMENTOS,NUEVO
4,San Francisco,DA VINCI,VENTALQUILER,"$389,000.00","$1,700.00",3,3,221,APARTAMENTOS,DE SEGUNDA
4,San Francisco,APARTAMENTO EN OCEAN SKY COCO DEL MAR,VENTA,"$325,000.00",,2,1,147,APARTAMENTOS,DE SEGUNDA
4,San Francisco,LE MARE,RENTANDO,"$265,000.00","$1,300.00",2,1,140,APARTAMENTOS,
4,San Francisco,ICON TOWER,ALQUILER,"$1,250.00",,1,1,96,APARTAMENTOS,
4,San Francisco,Edificio Panamar,VENTA,"$1,325,000.00",,4,3,620,APARTAMENTOS,NUEVO
4,San Francisco,COCO PALACE,RENTANDO,"$445,000.00","$1,500.00",3,2,244,APARTAMENTOS,
4,San Francisco,PUNTARENAS,VENTA,"$660,000.00",,3,3,383,APARTAMENTOS,NUEVO
4,San Francisco,BOUTIQUE QUARTIER DEL MAR,VENTA,"$280,000.00",,2,1,120,APARTAMENTOS,DE SEGUNDA
4,San Francisco,CASA EN COCO DEL MAR,VENTALQUILER,"$715,000.00","$3,750.00",5,4,439,CASAS,NUEVO
4,San Francisco,SANTORINI,VENTA,"$995,000.00",,3,2,536,APARTAMENTOS,NUEVO
4,San Francisco,VERANDA TOWER,VENTALQUILER,"$337,500.00","$2,400.00",2,2,171,APARTAMENTOS,DE SEGUNDA
4,San Francisco,TORRES COCO MAR,ALQUILER,"$1,300.00",,2,2,142,APARTAMENTOS,
4,San Francisco,ICON TOWER,VENTA,"$331,200.00",,2,2,160,APARTAMENTOS,DE SEGUNDA
4,San Francisco,LONG BEACH,ALQUILER,"$2,000.00",,3,2,239,APARTAMENTOS,
4,San Francisco,BALEARES,VENTA,"$595,000.00",,4,3,286,APARTAMENTOS,NUEVO
4,San Francisco,BELVEDERE,VENTALQUILER,"$680,000.00","$4,000.00",5,2,607,APARTAMENTOS,NUEVO
3,Ancón,LE MARE,ALQUILER,"$1,400.00",,1,3,90,APARTAMENTOS,
3,Ancón,EMBASSY CLUB COURTYARD II, VENTA,"$260,000.00",,2,2,144,APARTAMENTOS,DE SEGUNDA
3,Ancón,TOWNHOUSE EMBASSY CLUB, VENTALQUILER,"$599,000.00","$2,800.00",3,3,263,CASAS,NUEVO
3,Ancón,"Calle Parker y Calle Hill, Ciudad del Sa", ALQUILERMLS Acobir,"$2,300.00",,4,3,234,CASAS,
3,Ancón,Greenfield Casa 18, VENTAMLS Acobir,"$440,000.00",,3,2,264,CASAS,NUEVO
3,Ancón,CASA EN CLAYTON, VENTALQUILER,"$675,000.00","$2,800.00",3,2,219,CASAS,NUEVO
3,Ancón,CANAL VIEW, ALQUILER,"$2,500.00",,3,3,181,APARTAMENTOS,
3,Ancón,EMBASSY GARDEN 10, ALQUILER,"$3,200.00",,3,2,200,APARTAMENTOS,
3,Ancón,CLAYTON PARK, VENTA,"$290,000.00",,3,3,162,APARTAMENTOS,DE SEGUNDA
4,San Francisco,EMBASSY CLUB COURTYARD II, VENTA,"$375,000.00",,2,6,144,APARTAMENTOS,DE SEGUNDA
4,San Francisco,THE REGENT,VENTA,"$275,000.00",,3,1,215,APARTAMENTOS,DE SEGUNDA
4,San Francisco,PLAZA REAL,VENTA,"$255,000.00",,3,2,180,APARTAMENTOS,DE SEGUNDA
4,San Francisco,LAS MARQUESAS,VENTA,"$220,000.00",,3,3,97,APARTAMENTOS,DE SEGUNDA
4,San Francisco,PH Joy Tower,VENTALQUILER,"$425,000.00",,3,2,72,APARTAMENTOS,NUEVO
4,San Francisco,PH COUNTRY PARK,VENTA,"$230,000.00",,3,2,345,APARTAMENTOS,DE SEGUNDA
4,San Francisco,Aquamarina,VENTA,"$130,000.00",,2,1,183,APARTAMENTOS,DE SEGUNDA
4,San Francisco,ALQUILADO Y GENERANDO INGRESOS MENSUAL,VENTA,"$160,000.00",,2,5,86,APARTAMENTOS,DE SEGUNDA
4,San Francisco,PREMIER LOFT,VENTA,"$661,500.00",,3,3,95,APARTAMENTOS,NUEVO
4,San Francisco,7400 EAST,VENTA,"$350,000.00",,3,3,212,APARTAMENTOS,DE SEGUNDA
4,San Francisco,PH TEE ONE,ALQUILER,$900.00,,2,3,92,APARTAMENTOS,
4,San Francisco,Apartamento en San Francisco Bay 600,ALQUILER,$980.00,,2,3,142,APARTAMENTOS,
4,San Francisco,THE VIEW,VENTA,"$335,000.00",,3,2,310,APARTAMENTOS,DE SEGUNDA
4,San Francisco,DIAMOND TOWER,VENTA,"$180,000.00",,3,1,92,APARTAMENTOS,DE SEGUNDA
4,San Francisco,PH TERRASOL,VENTALQUILER,"$240,000.00",,3,2,148,APARTAMENTOS,DE SEGUNDA
4,San Francisco,LOS FLAMINGOS,VENTALQUILER,"$460,000.00",,4,2,336,CASAS,NUEVO
4,San Francisco,Ph Cabomarzo,VENTA,"$249,900.00",,3,2,112,APARTAMENTOS,DE SEGUNDA
4,San Francisco,PREMIER LOFT,VENTA,"$550,000.00",,3,2,100,APARTAMENTOS,NUEVO
4,San Francisco,San Francisco Bay 26-B,VENTA,"$189,000.00",,2,3,95,APARTAMENTOS,DE SEGUNDA
4,San Francisco,Concept,VENTALQUILER,"$210,000.00",,2,2,800,APARTAMENTOS,DE SEGUNDA
4,San Francisco,Harmony Tower,ALQUILER,$950.00,,1,2,240,APARTAMENTOS,
4,San Francisco,Bah¡a Pac¡fica,VENTA,"$2,450,000.00",,4,3,382,APARTAMENTOS,NUEVO
4,San Francisco,San Francisco Bay T400,VENTALQUILER,"$420,000.00",,3,3,184,APARTAMENTOS,NUEVO
4,San Francisco,Casa En San Francisco,ALQUILER,"$2,650.00",,4,2,188,CASAS,
4,San Francisco,WATERFALLS,VENTA,"$460,000.00",,3,2,131,APARTAMENTOS,NUEVO
4,San Francisco,TAO TOWER,RENTANDO,"$385,000.00",,3,3,81,APARTAMENTOS,
4,San Francisco,Terrawind Piso 29 C,ALQUILER,"$1,250.00",,3,3,94,APARTAMENTOS,
4,San Francisco,Apartamento en Torres de San Francisco,VENTA,"$125,000.00",,2,2,80,APARTAMENTOS,DE SEGUNDA
4,San Francisco,SAN FRANCISCO BAY T100,VENTA,"$152,500.00",,2,3,145,APARTAMENTOS,DE SEGUNDA
4,San Francisco,South Coast Tower,ALQUILER,$950.00,,2,2,89,APARTAMENTOS,
4,San Francisco,THE TOWERS T100,VENTALQUILER,"$380,000.00",,3,1,145,APARTAMENTOS,DE SEGUNDA
4,San Francisco,P.H DIAMOND TOWER,ALQUILER,$950.00,,2,1,93,APARTAMENTOS,
4,San Francisco,PH The Regent,VENTA,"$280,000.00",,2,3,112,APARTAMENTOS,DE SEGUNDA
4,San Francisco,SAN FRANCISCO BAY,ALQUILER,$900.00,,2,2,518,APARTAMENTOS,
4,San Francisco,SAN FRANCISCO BAY T600,ALQUILER,"$1,200.00",,2,3,151,APARTAMENTOS,
4,San Francisco,CASA EN SAN FRANCISCO,RENTANDO,"$850,000.00",,4,1,114,CASAS,
4,San Francisco,BUGANVILLA,VENTA,"$220,000.00",,3,3,124,APARTAMENTOS,DE SEGUNDA
4,San Francisco,Se alquila elegante apto en PH Portofino,ALQUILER,"$1,500.00",,3,3,114,APARTAMENTOS,
4,San Francisco,Terrawind torre 1000,VENTA,"$220,000.00",,3,3,150,APARTAMENTOS,DE SEGUNDA
4,San Francisco,DIAGONAL AL CENTRO COMERCIAL MULTIPLAZA,VENTALQUILER,"$300,000.00",,2,2,94,APARTAMENTOS,
4,San Francisco,PH Sky Blue,VENTA,"$190,000.00",,2,4,144,APARTAMENTOS,DE SEGUNDA
4,San Francisco,APARTAMENTO EN SAN FRANCISCO 67,VENTA,"$275,000.00",,2,2,89,APARTAMENTOS,DE SEGUNDA
4,San Francisco,GREAT CITY TOWER,ALQUILER,"$1,400.00",,2,4,125,APARTAMENTOS,
4,San Francisco,Park Loft,ALQUILER,"$1,300.00",,1,3,108,APARTAMENTOS,
4,San Francisco,PH HARMONY TOWER,VENTALQUILER,"$198,000.00",,1,1,243,APARTAMENTOS,DE SEGUNDA
4,San Francisco,Terrawind,VENTALQUILER,"$275,000.00",,3,3,89,APARTAMENTOS,DE SEGUNDA
4,San Francisco,Torre Mar del Sur,ALQUILER,$800.00,,2,2,145,APARTAMENTOS,
4,San Francisco,VENTA ? PH THE REGENT ? SAN FRANCISCO,VENTA,"$285,000.00",,2,3,95,APARTAMENTOS,DE SEGUNDA
4,San Francisco,HARMONY TOWER,VENTA,"$179,000.00",,1,2,185,APARTAMENTOS,DE SEGUNDA
4,San Francisco,STAR BAY,VENTALQUILER,"$265,000.00",,3,3,125,APARTAMENTOS,DE SEGUNDA
4,San Francisco,PH Tee One,ALQUILER,"$1,300.00",,3,2,94,APARTAMENTOS,
4,San Francisco,San Francisco Bay Torre 200,ALQUILER,"$1,000.00",,2,2,321,APARTAMENTOS,
4,San Francisco,INFINITY TOWER,VENTA,"$560,000.00",,3,2,288,APARTAMENTOS,NUEVO
4,San Francisco,Casa San Francisco # 46,VENTA,"$1,100,000.00",,3,2,165,CASAS,NUEVO
4,San Francisco,COCINA ESTILO AMERICANA | PUNTA PACIFICA,VENTA,"$300,000.00",,3,4,224,APARTAMENTOS,DE SEGUNDA
4,San Francisco,PACIFIC BAY,VENTALQUILER,"$390,000.00",,3,2,126,APARTAMENTOS,DE SEGUNDA
4,San Francisco,PARK LOFT,VENTALQUILER,"$229,000.00",,1,2,206,APARTAMENTOS,DE SEGUNDA
4,San Francisco,Mandarin Bay 30-A,VENTA,"$447,000.00",,3,3,117,APARTAMENTOS,NUEVO
4,San Francisco,PH GENESIS TOWER,VENTA,"$265,000.00",,2,2,207,APARTAMENTOS,DE SEGUNDA
4,San Francisco,STAR BAY,VENTA,"$342,000.00",,3,2,114,APARTAMENTOS,DE SEGUNDA
4,San Francisco,PORTO FINO,ALQUILER,"$1,190.00",,3,2,183,APARTAMENTOS,
4,San Francisco,THE REGENT,VENTA,"$360,000.00",,3,2,115,APARTAMENTOS,DE SEGUNDA
4,San Francisco,QUADRAT,ALQUILER,"$1,500.00",,2,2,146,APARTAMENTOS,
4,San Francisco,THE REGENT,VENTA,"$300,000.00",,2,2,172,APARTAMENTOS,DE SEGUNDA
4,San Francisco,INFINITY TOWER,VENTA,"$295,000.00",,3,2,97,APARTAMENTOS,DE SEGUNDA
4,San Francisco,Aquamarina,VENTA,"$135,000.00",,2,2,124,APARTAMENTOS,DE SEGUNDA
4,San Francisco,PH TERRAWIND,VENTA,"$215,000.00",,3,3,142,APARTAMENTOS,DE SEGUNDA
4,San Francisco,PH TERRAWIND,VENTA,"$239,000.00",,3,3,90,APARTAMENTOS,DE SEGUNDA
4,San Francisco,PARK HOUSE,RENTANDO,"$160,500.00",,3,2,136,APARTAMENTOS,
4,San Francisco,SAN FRANCISCO 67,RENTANDO,"$250,000.00",,2,2,129,APARTAMENTOS,
4,San Francisco,SAN FRANCISCO 67,VENTA,"$258,800.00",,2,3,123,APARTAMENTOS,DE SEGUNDA
4,San Francisco,SERENITY AT THE BAY,VENTA,"$240,000.00",,2,3,155,APARTAMENTOS,DE SEGUNDA
4,San Francisco,MARINA PLAZA,VENTA,"$270,000.00",,2,2,113,APARTAMENTOS,DE SEGUNDA
4,San Francisco,SAN FRANCISCO BAY T100,VENTA,"$180,000.00",,2,2,153,APARTAMENTOS,DE SEGUNDA
4,San Francisco,7400,VENTA,"$330,000.00",,3,2,146,APARTAMENTOS,DE SEGUNDA
4,San Francisco,THE REGENT,VENTA,"$300,000.00",,2,1,142,APARTAMENTOS,DE SEGUNDA
4,San Francisco,FAIRMONT PLAZA,VENTA,"$257,000.00",,2,1,149,APARTAMENTOS,DE SEGUNDA
4,San Francisco,THE COSMOPOLITAN,RENTANDO,"$235,000.00",,2,2,155,APARTAMENTOS,
4,San Francisco,EMPORIUM TOWER,ALQUILER,"$1,550.00",,3,2,86,APARTAMENTOS,
4,San Francisco,MONTEMAR,VENTALQUILER,"$160,000.00",,2,3,237,APARTAMENTOS,DE SEGUNDA
4,San Francisco,PREMIUM TOWER,VENTA,"$515,000.00",,3,1,184,APARTAMENTOS,NUEVO
4,San Francisco,WATERFALLS,VENTA,"$435,000.00",,3,1,148,APARTAMENTOS,NUEVO
4,San Francisco,QUADRAT,ALQUILER,"$1,850.00",,2,1,220,APARTAMENTOS,
4,San Francisco,WINDOW TOWER,VENTALQUILER,"$398,000.00",,3,2,100,APARTAMENTOS,DE SEGUNDA
1,Bella Vista,THE ONE,RENTANDO,"$275,000.00",,2,3,133,APARTAMENTOS,
4,San Francisco ,PACIFIC WIND,VENTA,"$259,000.00",,3,2,86,APARTAMENTOS,DE SEGUNDA
4,San Francisco ,MONTEMAR,VENTA,"$160,000.00",,2,2,111,APARTAMENTOS,DE SEGUNDA
4,San Francisco ,PLAZA MARINA,VENTALQUILER,"$165,000.00",,2,2,325,APARTAMENTOS,DE SEGUNDA
4,San Francisco ,CASA EN SAN FRANCISCO,VENTA,"$500,000.00",,3,2,81,CASAS,NUEVO
4,San Francisco ,GREEN POINT,RENTANDO,"$170,100.00",,2,2,200,APARTAMENTOS,
4,San Francisco ,KEOPS TOWER,ALQUILER,"$2,000.00",,3,2,131,APARTAMENTOS,
4,San Francisco ,TERRAWIND TORRE 1000,VENTA,"$248,500.00",,3,2,131,APARTAMENTOS,DE SEGUNDA
4,San Francisco ,TERRAWIND TORRE 2000,VENTALQUILER,"$278,000.00",,3,1,156,APARTAMENTOS,DE SEGUNDA
4,San Francisco ,PARK LOFT,VENTA,"$329,500.00",,2,3,124,APARTAMENTOS,DE SEGUNDA
4,San Francisco ,SERENITY,ALQUILER,"$1,600.00",,2,2,124,APARTAMENTOS,
4,San Francisco ,CAPRICE,VENTA,"$186,000.00",,2,3,344,APARTAMENTOS,DE SEGUNDA
4,San Francisco ,PREMIER LOFT,VENTA,"$560,000.00",,3,2,288,APARTAMENTOS,NUEVO
4,San Francisco ,HARMONY,RENTANDO,"$480,000.00",,3,2,215,APARTAMENTOS,
4,San Francisco ,JOY,VENTA,"$440,000.00",,3,3,98,APARTAMENTOS,NUEVO
4,San Francisco ,PALMA REAL,ALQUILER,"$1,150.00",,2,1,308,APARTAMENTOS,
4,San Francisco ,PREMIER LOFT,VENTALQUILER,"$600,000.00",,3,3,308,APARTAMENTOS,NUEVO
4,San Francisco ,THE COSMOPOLITAN,VENTA,"$199,000.00",,2,2,98,APARTAMENTOS,DE SEGUNDA
4,San Francisco ,TERRAWIND TORRE 1000,ALQUILER,"$1,350.00",,3,2,159,APARTAMENTOS,
4,San Francisco ,CASA EN SAN FRANCISCO,VENTA,"$1,300,000.00",,4,2,630,CASAS,NUEVO
4,San Francisco ,STAR BAY,VENTALQUILER,"$375,000.00",,3,3,182,APARTAMENTOS,DE SEGUNDA
4,San Francisco ,KOLOSAL TOWER,VENTA,"$312,000.00",,2,2,156,APARTAMENTOS,DE SEGUNDA
4,San Francisco ,PREMIUM TOWER,VENTA,"$585,000.00",,3,2,237,APARTAMENTOS,NUEVO
4,San Francisco ,WATERFALLS,ALQUILER,"$1,800.00",,2,3,148,APARTAMENTOS,
4,San Francisco ,PREMIER LOFT,VENTALQUILER,"$600,000.00",,3,1,345,APARTAMENTOS,NUEVO
4,San Francisco ,SERENITY,VENTALQUILER,"$285,000.00",,2,2,124,APARTAMENTOS,DE SEGUNDA
4,San Francisco ,SERENITY,VENTALQUILER,"$462,800.00",,2,3,354,APARTAMENTOS,NUEVO
4,San Francisco ,JOY,VENTA,"$493,097.00",,3,1,214,APARTAMENTOS,NUEVO
4,San Francisco ,JOY,VENTA,"$493,097.00",,3,3,214,APARTAMENTOS,NUEVO
4,San Francisco ,PLAZA REAL,VENTA,"$290,000.00",,3,2,150,APARTAMENTOS,DE SEGUNDA
4,San Francisco,TORRE DEL MAR,ALQUILER,"$5,000.00",,3,3,290,APARTAMENTOS,
4,San Francisco ,LATORRACA,ALQUILER,"$1,300.00",,3,3,113,APARTAMENTOS,
4,San Francisco ,PREMIUM TOWER,VENTA,"$425,000.00",,3,3,179,APARTAMENTOS,NUEVO
4,San Francisco ,PACIFIC BAY,VENTALQUILER,"$530,000.00",,3,2,239,APARTAMENTOS,NUEVO
4,San Francisco ,LATORRACA,VENTA,"$260,000.00",,3,3,113,APARTAMENTOS,DE SEGUNDA
4,San Francisco,TERRAZAS DEL PACIFICO,VENTA,"$970,000.00",,4,4,370,APARTAMENTOS,NUEVO
